PatientID,ProcedureCode,Amount,Quantity,Date,HospitalID,DoctorID
P1127,XRAY02,245.57,3,2025-05-05,H12,D073
P1460,LAB01,83.92,3,2025-11-24,H13,D086
P861,XRAY02,411.96,2,2025-03-28,H18,D081
P1295,MRI07,2774.34,2,2025-01-03,H19,D188
P1131,CONS01,527.98,3,2025-06-14,H19,D164
P1096,CONS01,492.69,2,2025-08-11,H06,D134
P1725,MRI07,2225.01,3,2025-12-15,H48,D167
P1045,CONS01,539.83,1,2025-10-24,H07,D157
P1639,SURG05,5768.3,1,2025-12-09,H07,D155
P122,XRAY02,298.35,1,2025-12-07,H28,D069
P467,LAB01,85.32,3,2025-01-25,H28,D137
P1239,MRI07,1703.37,2,2025-02-08,H19,D152
P331,SURG05,4893.64,1,2025-04-15,H16,D191
P1483,LAB01,605.53,3,2025-01-05,H17,D147
P88,LAB01,152.25,1,2025-05-16,H22,D097
P1397,MRI07,2789.93,1,2025-01-04,H19,D123
P1124,SURG05,5838.15,2,2025-06-18,H48,D158
P872,LAB01,139.31,3,2025-11-12,H29,D186
P1688,LAB01,151.83,2,2025-11-06,H48,D168
P131,SURG05,6743.63,2,2025-03-19,H19,D119
P1686,CONS01,479.37,2,2025-01-19,H47,D196
P1333,LAB01,97.12,1,2025-07-24,H35,D032
P770,XRAY02,254.7,1,2025-12-21,H47,D113
P344,SURG05,4384.64,1,2025-11-20,H25,D065
P1516,LAB01,124.88,3,2025-02-02,H48,D162
P1438,MRI07,2468.68,2,2025-05-30,H20,D085
P806,XRAY02,278.88,1,2025-07-12,H37,D159
P386,LAB01,121.68,2,2025-05-19,H19,D059
P1216,XRAY02,275.98,2,2025-09-29,H42,D026
P956,XRAY02,325.09,2,2025-07-15,H13,D150
P277,CONS01,555.58,2,2025-05-07,H47,D162
P1185,XRAY02,309.22,2,2025-12-15,H12,D121
P460,CONS01,474.9,1,2025-08-19,H49,D013
P1338,SURG05,5383.44,3,2025-02-13,H15,D055
P22,CONS01,572.98,3,2025-08-18,H04,D136
P253,MRI07,2822.04,3,2025-08-04,H15,D190
P748,LAB01,123.08,3,2025-09-01,H17,D150
P857,SURG05,4148.63,2,2025-01-09,H27,D056
P1585,SURG05,43165.41,1,2025-09-07,H11,D084
P475,MRI07,1617.14,1,2025-07-19,H23,D149
P1083,CONS01,407.12,2,2025-11-30,H15,D098
P511,LAB01,109.69,2,2025-03-20,H31,D177
P1706,CONS01,475.08,1,2025-09-02,H26,D094
P1500,XRAY02,333.39,1,2025-07-09,H07,D134
P700,CONS01,528.44,3,2025-03-27,H13,D035
P976,SURG05,5205.76,3,2025-09-28,H13,D155
P1807,LAB01,122.24,3,2025-09-19,H20,D126
P190,CONS01,520.26,1,2025-01-01,H34,D113
P958,LAB01,140.68,3,2025-01-20,H10,D168
P687,LAB01,138.03,1,2025-05-10,H37,D014
P958,XRAY02,274.05,1,2025-11-22,H27,D074
P563,XRAY02,294.34,2,2025-09-15,H34,D052
P1900,SURG05,4672.7,1,2025-05-11,H36,D106
P1591,MRI07,2580.26,2,2025-01-07,H16,D040
P1268,LAB01,130.72,2,2025-12-06,H21,D043
P832,MRI07,1274.23,1,2025-08-29,H16,D112
P1529,SURG05,4494.89,1,2025-07-11,H17,D186
P1155,LAB01,136.8,3,2025-11-06,H15,D003
P1509,LAB01,104.3,1,2025-10-24,H13,D143
P1843,MRI07,1899.56,3,2025-04-25,H33,D173
P647,CONS01,459.63,3,2025-04-12,H05,D095
P21,XRAY02,79.3,1,2025-12-04,H27,D139
P841,CONS01,534.55,3,2025-11-15,H01,D167
P167,MRI07,3121.19,2,2025-01-01,H44,D019
P1298,XRAY02,279.41,2,2025-01-25,H30,D148
P388,CONS01,463.44,1,2025-07-28,H23,D199
P601,XRAY02,335.11,1,2025-05-23,H15,D056
P316,LAB01,118.75,1,2025-07-16,H36,D078
P14,CONS01,467.46,2,2025-05-25,H19,D118
P242,XRAY02,310.99,3,2025-05-29,H30,D132
P777,XRAY02,282.1,2,2025-06-30,H16,D009
P1370,XRAY02,373.26,3,2025-02-24,H18,D153
P565,CONS01,487.68,3,2025-12-29,H26,D175
P898,SURG05,5411.84,1,2025-05-18,H17,D049
P1364,CONS01,512.87,1,2025-07-28,H11,D155
P92,MRI07,1948.3,1,2025-07-04,H45,D028
P1391,CONS01,475.33,2,2025-03-06,H29,D190
P956,XRAY02,220.32,2,2025-02-06,H09,D016
P1479,LAB01,94.33,2,2025-04-22,H49,D087
P1452,CONS01,474.41,1,2025-09-20,H17,D174
P509,CONS01,528.2,1,2025-03-17,H27,D174
P776,XRAY02,286.18,3,2025-10-23,H37,D168
P1967,LAB01,123.46,3,2025-06-27,H22,D083
P35,LAB01,153.62,1,2025-09-11,H08,D034
P206,MRI07,2701.2,2,2025-01-01,H03,D138
P1105,CONS01,492.99,1,2025-05-28,H38,D001
P1956,LAB01,129.14,2,2025-12-30,H35,D066
P1586,LAB01,117.47,1,2025-06-08,H32,D115
P1896,SURG05,5764.3,1,2025-11-20,H08,D145
P1412,SURG05,4658.48,3,2025-09-25,H44,D047
P1026,LAB01,131.07,2,2025-05-30,H27,D024
P1022,MRI07,2669.85,2,2025-05-09,H32,D178
P1414,LAB01,89.97,1,2025-05-06,H36,D104
P566,XRAY02,293.0,3,2025-01-01,H34,D029
P1130,CONS01,539.86,1,2025-04-27,H25,D072
P1796,MRI07,2869.67,1,2025-05-29,H31,D086
P1846,XRAY02,275.71,2,2025-09-26,H42,D104
P1501,MRI07,2460.31,1,2025-07-08,H47,D141
P703,XRAY02,320.37,3,2025-05-21,H13,D192
P402,CONS01,461.96,1,2025-04-15,H15,D156
P730,CONS01,518.77,3,2025-09-09,H13,D133
P1580,SURG05,26585.57,2,2025-10-08,H33,D074
P162,XRAY02,336.95,2,2025-12-10,H31,D137
P202,SURG05,4576.64,1,2025-04-11,H25,D142
P1982,XRAY02,270.02,3,2025-10-09,H48,D102
P996,SURG05,4752.55,2,2025-12-24,H40,D138
P270,CONS01,501.11,3,2025-06-12,H23,D161
P1887,MRI07,2243.53,2,2025-07-22,H38,D075
P816,SURG05,6170.5,2,2025-04-10,H03,D040
P1295,XRAY02,295.03,3,2025-10-08,H16,D134
P456,XRAY02,361.43,3,2025-09-14,H02,D017
P1486,CONS01,546.54,3,2025-04-04,H23,D164
P1751,XRAY02,229.68,2,2025-11-20,H34,D070
P1276,LAB01,29.01,3,2025-10-06,H30,D061
P1017,MRI07,1736.02,1,2025-08-15,H47,D111
P1726,SURG05,4526.5,3,2025-12-28,H10,D177
P296,MRI07,3120.78,2,2025-05-30,H01,D197
P1749,CONS01,504.36,3,2025-12-17,H22,D083
P720,SURG05,4946.55,3,2025-03-03,H47,D199
P1773,SURG05,5878.24,3,2025-05-09,H33,D024
P338,LAB01,119.97,1,2025-07-06,H25,D051
P879,CONS01,463.28,2,2025-03-09,H22,D170
P1077,XRAY02,406.3,1,2025-01-30,H16,D147
P792,LAB01,150.66,1,2025-10-31,H30,D062
P1946,LAB01,144.25,2,2025-10-02,H18,D067
P217,MRI07,2834.34,2,2025-05-07,H24,D030
P764,MRI07,2630.03,3,2025-08-01,H05,D107
P188,MRI07,2299.0,2,2025-11-02,H37,D166
P380,LAB01,645.97,3,2025-05-14,H23,D134
P493,XRAY02,328.85,1,2025-08-07,H42,D111
P1065,SURG05,4511.85,3,2025-11-15,H27,D150
P1181,MRI07,1954.61,2,2025-06-06,H12,D121
P15,XRAY02,2359.91,3,2025-07-07,H10,D011
P1837,CONS01,466.24,1,2025-06-11,H34,D072
P65,MRI07,1890.95,2,2025-05-09,H33,D091
P1881,SURG05,5511.08,2,2025-10-31,H16,D029
P1863,CONS01,590.09,3,2025-03-30,H29,D119
P521,CONS01,61.09,3,2025-06-11,H18,D119
P1368,SURG05,4715.67,3,2025-02-05,H27,D008
P1153,MRI07,3243.64,1,2025-08-15,H07,D080
P648,LAB01,124.14,1,2025-05-31,H36,D163
P1496,SURG05,5199.73,2,2025-03-22,H27,D072
P1087,SURG05,5230.53,2,2025-02-16,H10,D173
P1163,SURG05,5396.27,1,2025-07-23,H10,D033
P1523,CONS01,515.47,3,2025-05-28,H11,D005
P593,XRAY02,306.54,3,2025-08-19,H30,D190
P392,LAB01,104.58,1,2025-01-27,H03,D165
P1699,MRI07,1888.5,3,2025-07-08,H29,D145
P419,MRI07,2640.06,1,2025-06-14,H14,D022
P289,XRAY02,221.81,3,2025-07-31,H13,D078
P379,SURG05,3714.69,3,2025-11-04,H19,D160
P1797,LAB01,112.55,2,2025-03-16,H25,D014
P1514,MRI07,3092.51,3,2025-04-02,H10,D148
P231,MRI07,1864.85,3,2025-03-03,H15,D150
P1018,SURG05,4150.51,1,2025-03-07,H28,D030
P41,XRAY02,355.89,1,2025-03-21,H40,D182
P1052,LAB01,1024.31,1,2025-05-20,H49,D161
P135,XRAY02,263.98,1,2025-05-10,H38,D005
P201,XRAY02,326.33,3,2025-09-11,H07,D018
P1864,LAB01,112.39,1,2025-11-16,H14,D063
P780,LAB01,103.66,2,2025-01-29,H30,D174
P930,MRI07,2965.65,1,2025-07-21,H40,D135
P1057,MRI07,17941.51,3,2025-08-25,H12,D157
P1072,LAB01,118.89,2,2025-03-28,H28,D057
P503,CONS01,498.87,3,2025-04-06,H14,D175
P407,MRI07,3178.4,2,2025-10-14,H01,D009
P1598,CONS01,449.4,2,2025-12-05,H04,D187
P1752,LAB01,871.39,2,2025-10-16,H49,D112
P805,MRI07,2724.41,3,2025-09-09,H18,D105
P99,XRAY02,321.56,2,2025-06-29,H36,D123
P684,LAB01,131.27,3,2025-04-10,H32,D071
P1896,SURG05,5555.71,2,2025-03-14,H28,D199
P726,CONS01,515.05,1,2025-05-11,H28,D113
P1571,LAB01,117.2,1,2025-07-01,H38,D171
P961,LAB01,121.96,2,2025-07-13,H32,D059
P1763,MRI07,2012.03,2,2025-01-18,H08,D006
P613,MRI07,16489.82,1,2025-05-06,H25,D110
P1967,MRI07,2831.08,1,2025-07-30,H47,D111
P1486,SURG05,6165.53,3,2025-01-07,H20,D053
P643,MRI07,2737.64,1,2025-04-24,H33,D064
P1793,LAB01,129.99,3,2025-12-06,H30,D004
P1029,MRI07,3129.93,2,2025-03-25,H37,D001
P1242,XRAY02,292.8,3,2025-12-05,H16,D070
P503,MRI07,2826.16,2,2025-12-27,H25,D031
P767,SURG05,4575.39,3,2025-04-12,H38,D065
P398,XRAY02,257.87,3,2025-04-03,H42,D117
P871,LAB01,132.89,3,2025-11-12,H10,D197
P795,LAB01,98.4,2,2025-04-12,H05,D019
P393,CONS01,486.13,2,2025-09-08,H08,D197
P207,XRAY02,249.77,3,2025-01-24,H33,D118
P1039,CONS01,422.11,2,2025-12-31,H37,D069
P1882,XRAY02,270.61,3,2025-06-16,H01,D177
P1578,XRAY02,353.06,2,2025-05-20,H31,D031
P892,SURG05,6511.69,3,2025-04-04,H07,D188
P1485,CONS01,530.9,1,2025-06-30,H47,D199
P1715,SURG05,5307.36,1,2025-03-05,H23,D079
P1599,XRAY02,364.12,3,2025-01-04,H24,D055
P864,LAB01,118.74,2,2025-04-04,H14,D127
P743,XRAY02,297.06,3,2025-09-29,H23,D077
P1265,SURG05,5781.84,1,2025-10-10,H09,D091
P564,CONS01,479.51,1,2025-05-12,H08,D166
P1021,CONS01,120.39,3,2025-03-13,H08,D161
P96,SURG05,5814.11,1,2025-10-31,H03,D006
P1924,CONS01,492.22,3,2025-03-22,H32,D141
P1758,MRI07,3051.72,1,2025-06-23,H04,D020
P485,LAB01,138.04,2,2025-10-27,H49,D100
P1431,LAB01,151.7,2,2025-02-21,H38,D165
P231,LAB01,99.27,2,2025-10-17,H02,D045
P749,CONS01,451.99,3,2025-08-25,H09,D081
P1679,CONS01,436.01,3,2025-10-04,H46,D059
P1195,XRAY02,253.67,2,2025-10-07,H01,D052
P541,XRAY02,309.39,2,2025-02-13,H49,D146
P1060,LAB01,144.82,2,2025-09-11,H11,D025
P525,MRI07,2369.19,1,2025-12-25,H29,D123
P1184,XRAY02,226.35,2,2025-05-14,H26,D129
P1863,XRAY02,225.47,1,2025-02-25,H27,D041
P1723,CONS01,550.89,2,2025-01-14,H38,D102
P1267,MRI07,1779.63,3,2025-06-27,H29,D018
P1110,LAB01,99.06,2,2025-04-11,H33,D129
P1820,XRAY02,341.7,1,2025-06-29,H28,D167
P578,MRI07,2274.82,2,2025-09-14,H31,D159
P682,MRI07,1437.45,1,2025-09-25,H19,D102
P557,LAB01,126.35,2,2025-12-28,H48,D071
P1598,MRI07,2332.89,1,2025-02-06,H26,D166
P1977,MRI07,2856.38,1,2025-07-23,H29,D008
P1013,MRI07,2246.33,2,2025-09-16,H11,D162
P646,XRAY02,207.92,2,2025-06-04,H41,D073
P796,LAB01,147.97,3,2025-08-26,H32,D089
P1052,MRI07,2300.3,3,2025-11-05,H21,D027
P1644,MRI07,1147.61,3,2025-04-10,H38,D169
P1580,XRAY02,296.22,1,2025-09-30,H34,D007
P1364,LAB01,137.96,1,2025-04-23,H40,D032
P1822,CONS01,560.41,3,2025-04-20,H22,D073
P1982,XRAY02,302.51,3,2025-05-23,H48,D099
P1355,LAB01,106.94,2,2025-06-16,H27,D112
P1664,MRI07,1963.46,3,2025-09-17,H08,D144
P1530,LAB01,104.17,1,2025-05-25,H40,D130
P1372,LAB01,147.21,2,2025-08-18,H46,D171
P1497,LAB01,136.07,3,2025-09-25,H31,D031
P1255,CONS01,459.95,3,2025-02-01,H01,D080
P190,LAB01,132.67,3,2025-10-26,H39,D175
P1249,CONS01,542.59,2,2025-08-07,H34,D033
P1409,MRI07,3057.36,2,2025-06-26,H47,D145
P1401,CONS01,522.07,2,2025-04-14,H24,D099
P1307,MRI07,2567.53,3,2025-08-24,H28,D054
P1982,MRI07,2709.94,2,2025-04-03,H04,D054
P633,CONS01,505.04,2,2025-07-20,H18,D179
P628,XRAY02,1010.05,2,2025-10-26,H29,D180
P973,SURG05,5753.36,2,2025-08-19,H23,D135
P1769,LAB01,143.53,1,2025-09-12,H37,D182
P1283,SURG05,4726.49,3,2025-03-26,H27,D139
P1383,LAB01,98.21,2,2025-02-04,H16,D190
P710,LAB01,84.97,1,2025-04-27,H45,D030
P1480,MRI07,20870.64,1,2025-06-25,H27,D082
P1435,LAB01,14.07,3,2025-10-03,H09,D057
P649,LAB01,104.64,3,2025-03-26,H05,D174
P318,CONS01,451.53,2,2025-04-27,H08,D070
P1701,SURG05,4012.91,3,2025-12-28,H18,D066
P1249,CONS01,606.49,3,2025-07-23,H35,D183
P1843,LAB01,141.21,3,2025-05-26,H06,D107
P1258,MRI07,3007.93,3,2025-08-03,H43,D186
P684,CONS01,533.78,2,2025-04-15,H23,D010
P664,CONS01,493.74,1,2025-12-15,H46,D132
P1999,XRAY02,340.17,3,2025-10-24,H26,D074
P1851,LAB01,707.73,1,2025-12-22,H39,D073
P1398,MRI07,2100.85,1,2025-03-10,H24,D062
P1696,CONS01,434.23,1,2025-09-12,H10,D109
P1632,CONS01,530.43,3,2025-08-19,H15,D171
P1496,MRI07,3054.22,3,2025-07-22,H38,D042
P1257,LAB01,125.73,2,2025-12-28,H20,D024
P1716,XRAY02,375.74,3,2025-09-05,H29,D005
P1137,CONS01,427.84,3,2025-09-06,H06,D099
P1854,XRAY02,232.02,3,2025-05-24,H48,D196
P1521,SURG05,4554.64,1,2025-10-10,H09,D099
P442,LAB01,103.23,2,2025-12-22,H05,D120
P564,SURG05,5831.29,1,2025-08-29,H48,D077
P1292,SURG05,5424.07,2,2025-12-07,H39,D101
P1534,SURG05,3636.24,3,2025-08-17,H19,D096
P1831,LAB01,139.63,3,2025-01-31,H05,D173
P1410,LAB01,108.59,1,2025-04-19,H20,D187
P1411,MRI07,2406.35,1,2025-01-27,H11,D120
P1137,XRAY02,221.09,1,2025-12-09,H27,D065
P1637,XRAY02,334.68,2,2025-06-09,H29,D191
P1649,MRI07,2057.93,1,2025-01-17,H07,D121
P952,MRI07,3400.2,3,2025-09-24,H03,D090
P1105,SURG05,4465.04,2,2025-05-09,H05,D195
P699,MRI07,2971.13,2,2025-08-08,H13,D177
P113,CONS01,449.48,3,2025-03-23,H16,D115
P2,XRAY02,274.85,1,2025-02-18,H12,D077
P642,MRI07,2264.5,1,2025-02-10,H39,D032
P220,CONS01,474.58,3,2025-01-20,H27,D112
P1590,CONS01,455.94,3,2025-11-23,H45,D178
P855,CONS01,440.3,3,2025-02-06,H33,D186
P1760,CONS01,473.56,3,2025-02-08,H15,D052
P1249,SURG05,4647.78,2,2025-04-19,H21,D023
P385,CONS01,518.55,2,2025-03-05,H44,D030
P1427,SURG05,4610.5,1,2025-06-24,H17,D070
P1662,SURG05,4344.27,2,2025-10-06,H37,D071
P1154,CONS01,478.03,2,2025-02-01,H49,D111
P1077,XRAY02,250.31,2,2025-07-28,H15,D158
P1708,CONS01,4134.83,3,2025-01-19,H20,D037
P730,CONS01,414.96,2,2025-04-16,H19,D048
P1696,CONS01,615.16,1,2025-07-25,H01,D160
P1734,XRAY02,291.34,2,2025-09-04,H04,D070
P1440,LAB01,112.21,3,2025-11-19,H03,D035
P247,LAB01,99.37,2,2025-06-16,H08,D068
P836,SURG05,5705.22,1,2025-03-30,H41,D160
P1463,SURG05,5125.4,2,2025-11-12,H44,D059
P203,XRAY02,302.87,1,2025-01-11,H05,D118
P1208,MRI07,3309.57,3,2025-02-18,H09,D163
P123,LAB01,125.46,1,2025-03-02,H01,D112
P401,SURG05,5913.59,1,2025-06-20,H43,D144
P767,LAB01,128.77,3,2025-05-23,H30,D119
P294,XRAY02,319.56,1,2025-07-26,H07,D115
P280,XRAY02,253.32,2,2025-07-20,H22,D105
P1861,MRI07,1262.06,2,2025-01-05,H20,D180
P884,MRI07,2699.54,1,2025-07-30,H29,D066
P1634,XRAY02,301.42,2,2025-01-29,H27,D006
P198,SURG05,5005.84,2,2025-07-09,H25,D014
P982,LAB01,133.38,3,2025-07-07,H46,D157
P1931,CONS01,438.02,1,2025-11-21,H35,D106
P1535,MRI07,1581.22,2,2025-09-12,H27,D154
P752,CONS01,402.72,1,2025-05-30,H11,D018
P144,SURG05,4971.11,1,2025-01-13,H17,D004
P609,MRI07,3369.6,2,2025-06-06,H31,D057
P1225,CONS01,446.93,3,2025-03-21,H18,D119
P1148,SURG05,4193.85,3,2025-12-22,H19,D053
P187,LAB01,119.98,1,2025-09-30,H38,D102
P1350,SURG05,4818.21,3,2025-05-28,H29,D025
P464,MRI07,2928.77,2,2025-07-25,H15,D175
P1373,XRAY02,319.24,2,2025-04-24,H07,D180
P1795,LAB01,545.71,3,2025-01-06,H37,D162
P660,CONS01,448.65,3,2025-10-05,H37,D144
P764,MRI07,3793.03,1,2025-08-20,H07,D094
P955,XRAY02,299.68,3,2025-05-17,H22,D127
P1956,SURG05,6282.58,1,2025-06-09,H12,D124
P403,XRAY02,263.79,2,2025-12-10,H08,D036
P1370,MRI07,2943.33,3,2025-10-16,H18,D156
P1987,MRI07,1704.5,1,2025-07-24,H28,D193
P1535,XRAY02,30.71,1,2025-11-22,H18,D072
P147,SURG05,4103.06,1,2025-11-01,H31,D053
P1172,XRAY02,206.64,1,2025-12-26,H17,D170
P864,MRI07,2807.89,2,2025-06-07,H23,D079
P1735,MRI07,3091.08,3,2025-12-24,H11,D098
P1844,CONS01,520.05,1,2025-04-16,H15,D147
P489,CONS01,541.87,3,2025-03-23,H30,D044
P929,LAB01,156.5,3,2025-12-08,H31,D030
P1960,MRI07,2525.55,2,2025-09-27,H06,D074
P1664,CONS01,557.8,3,2025-02-18,H12,D172
P551,XRAY02,342.08,2,2025-07-25,H23,D117
P338,SURG05,5326.89,2,2025-08-06,H39,D155
P872,XRAY02,344.0,1,2025-11-02,H40,D084
P641,SURG05,4290.94,2,2025-06-13,H36,D073
P1803,CONS01,592.56,1,2025-10-06,H35,D034
P1977,LAB01,128.57,2,2025-11-18,H03,D127
P473,XRAY02,300.37,2,2025-08-19,H42,D085
P1970,XRAY02,259.03,3,2025-07-18,H28,D152
P151,XRAY02,294.38,1,2025-08-02,H15,D056
P1439,SURG05,4600.1,3,2025-10-11,H13,D007
P1322,CONS01,461.03,2,2025-10-03,H19,D196
P1635,XRAY02,303.54,1,2025-07-04,H40,D051
P263,XRAY02,285.87,2,2025-07-29,H18,D136
P1788,LAB01,123.59,2,2025-05-01,H31,D184
P144,LAB01,127.46,3,2025-08-04,H37,D058
P346,CONS01,529.2,1,2025-04-07,H21,D085
P624,CONS01,524.38,1,2025-04-29,H39,D069
P1017,MRI07,3216.79,1,2025-12-31,H05,D008
P1596,LAB01,106.25,2,2025-10-09,H17,D194
P881,MRI07,2574.11,1,2025-04-16,H19,D152
P2,SURG05,4850.26,2,2025-11-14,H04,D170
P897,MRI07,2147.88,2,2025-05-22,H26,D054
P1328,XRAY02,2029.94,2,2025-11-19,H24,D144
P254,MRI07,2574.03,1,2025-09-25,H39,D132
P1676,CONS01,472.3,3,2025-10-18,H38,D059
P453,SURG05,4990.85,2,2025-06-16,H46,D094
P1061,XRAY02,269.32,3,2025-06-09,H19,D046
P1184,MRI07,2341.39,1,2025-08-19,H30,D094
P1015,SURG05,5877.58,1,2025-01-14,H26,D099
P9,SURG05,4581.56,1,2025-07-12,H11,D013
P1257,XRAY02,235.35,1,2025-06-04,H39,D037
P1123,MRI07,10736.21,1,2025-04-11,H03,D182
P1683,SURG05,3261.94,3,2025-03-01,H22,D177
P816,SURG05,5008.59,1,2025-02-12,H17,D075
P208,LAB01,130.82,1,2025-07-12,H11,D058
P1155,SURG05,2042.7,1,2025-11-07,H47,D019
P404,LAB01,121.5,1,2025-04-19,H39,D146
P152,MRI07,1437.08,1,2025-04-03,H47,D188
P54,MRI07,2451.64,2,2025-08-04,H27,D145
P1144,MRI07,2084.93,2,2025-06-12,H49,D139
P1697,CONS01,548.14,3,2025-12-17,H43,D143
P1944,MRI07,2724.91,1,2025-08-22,H29,D108
P628,SURG05,4255.58,3,2025-12-17,H12,D145
P587,XRAY02,304.18,3,2025-06-16,H13,D090
P1649,LAB01,111.95,1,2025-05-28,H11,D120
P1992,CONS01,460.97,1,2025-01-28,H31,D005
P1444,MRI07,3044.51,2,2025-09-16,H11,D189
P1446,MRI07,1770.3,1,2025-03-27,H41,D132
P104,XRAY02,337.44,2,2025-04-18,H43,D056
P1876,XRAY02,290.31,3,2025-04-27,H36,D104
P254,CONS01,447.17,3,2025-12-30,H02,D048
P1251,LAB01,125.62,2,2025-01-15,H23,D048
P1136,MRI07,3075.64,2,2025-07-30,H36,D163
P510,CONS01,437.89,1,2025-11-14,H14,D109
P1497,SURG05,5866.01,2,2025-01-31,H37,D161
P99,SURG05,4505.09,2,2025-10-09,H49,D100
P153,CONS01,559.34,1,2025-07-04,H27,D021
P1885,MRI07,2402.15,3,2025-03-07,H12,D102
P914,CONS01,488.37,2,2025-11-12,H29,D005
P1920,MRI07,2243.64,1,2025-03-04,H06,D192
P878,XRAY02,307.13,1,2025-08-16,H44,D197
P338,CONS01,506.14,2,2025-04-11,H47,D149
P1730,MRI07,2492.65,3,2025-12-22,H23,D089
P822,CONS01,494.5,1,2025-05-19,H10,D074
P1187,CONS01,452.52,2,2025-04-29,H34,D122
P1744,MRI07,2790.05,3,2025-02-26,H44,D160
P957,MRI07,2754.03,2,2025-05-11,H12,D146
P1705,LAB01,115.52,1,2025-02-06,H32,D058
P161,CONS01,430.12,1,2025-04-21,H26,D098
P1604,SURG05,4249.71,1,2025-06-02,H07,D079
P801,CONS01,536.79,2,2025-09-07,H32,D152
P398,CONS01,441.48,1,2025-08-30,H33,D005
P1301,MRI07,2601.72,2,2025-07-27,H18,D127
P816,CONS01,520.47,3,2025-06-19,H35,D181
P1940,CONS01,478.69,3,2025-09-14,H20,D096
P1528,SURG05,5076.06,3,2025-10-06,H31,D183
P1920,MRI07,2924.1,3,2025-12-29,H05,D133
P1416,CONS01,3000.94,1,2025-04-23,H32,D197
P1159,XRAY02,283.9,1,2025-06-24,H47,D122
P1219,LAB01,95.72,2,2025-03-30,H42,D169
P401,SURG05,5628.18,3,2025-05-15,H19,D098
P640,CONS01,419.61,3,2025-10-21,H01,D135
P1057,XRAY02,301.71,2,2025-10-30,H07,D090
P688,CONS01,534.7,2,2025-12-25,H22,D129
P460,CONS01,525.37,2,2025-07-25,H34,D052
P955,MRI07,1400.72,2,2025-11-14,H10,D098
P1907,MRI07,1833.17,3,2025-03-14,H47,D026
P470,MRI07,259.76,1,2025-09-16,H42,D121
P1399,XRAY02,287.4,3,2025-12-24,H26,D191
P1046,CONS01,503.61,2,2025-05-28,H32,D012
P750,LAB01,126.61,1,2025-08-13,H42,D070
P1694,SURG05,5096.09,3,2025-04-15,H27,D084
P38,MRI07,2564.11,2,2025-02-13,H12,D019
P230,MRI07,3055.06,1,2025-12-22,H40,D132
P1389,CONS01,514.77,1,2025-01-26,H23,D096
P563,CONS01,580.79,2,2025-10-31,H14,D005
P438,XRAY02,277.48,1,2025-09-18,H34,D121
P1800,XRAY02,314.72,3,2025-02-28,H17,D128
P1307,MRI07,2281.68,3,2025-03-02,H06,D054
P27,CONS01,565.73,3,2025-11-01,H27,D198
P226,LAB01,106.27,1,2025-03-11,H08,D185
P1301,SURG05,5782.12,1,2025-09-28,H33,D180
P798,CONS01,470.74,2,2025-09-14,H35,D018
P1633,CONS01,414.43,2,2025-05-05,H47,D064
P284,XRAY02,317.54,1,2025-01-19,H17,D138
P879,SURG05,5609.3,3,2025-04-29,H26,D023
P960,MRI07,2864.68,1,2025-11-16,H07,D120
P1505,CONS01,71.43,3,2025-03-07,H46,D115
P453,MRI07,2192.63,2,2025-09-02,H24,D082
P1020,CONS01,528.44,1,2025-02-26,H25,D196
P1853,MRI07,2572.71,1,2025-02-13,H35,D180
P816,SURG05,6117.84,1,2025-01-12,H26,D096
P659,XRAY02,376.83,3,2025-08-24,H05,D175
P1540,SURG05,5426.25,2,2025-01-24,H47,D198
P547,LAB01,105.13,3,2025-09-14,H38,D026
P1216,XRAY02,278.96,2,2025-10-11,H35,D198
P1073,SURG05,4199.41,3,2025-11-20,H30,D099
P1536,LAB01,149.42,2,2025-12-27,H25,D171
P17,CONS01,487.7,3,2025-09-08,H24,D197
P1196,CONS01,575.81,1,2025-04-04,H30,D191
P1244,MRI07,2923.2,3,2025-01-22,H20,D066
P158,XRAY02,320.37,1,2025-06-06,H03,D104
P477,CONS01,605.9,1,2025-03-30,H32,D191
P1070,XRAY02,275.39,1,2025-07-21,H08,D141
P1397,CONS01,460.75,3,2025-07-16,H47,D179
P518,MRI07,2621.57,1,2025-02-14,H23,D005
P99,SURG05,5803.1,3,2025-03-20,H46,D175
P1916,MRI07,11888.97,2,2025-02-08,H16,D164
P1769,LAB01,79.7,3,2025-10-11,H35,D164
P1061,CONS01,567.56,3,2025-06-04,H25,D178
P280,LAB01,169.77,3,2025-05-29,H15,D184
P1373,LAB01,126.33,2,2025-12-09,H08,D019
P497,XRAY02,281.47,2,2025-02-21,H34,D020
P302,CONS01,532.15,2,2025-09-08,H25,D150
P181,LAB01,124.95,1,2025-05-27,H49,D031
P607,SURG05,6123.62,3,2025-11-25,H44,D105
P1123,LAB01,153.27,3,2025-12-16,H19,D190
P700,SURG05,4790.23,1,2025-09-15,H43,D044
P993,XRAY02,307.99,1,2025-09-30,H13,D196
P1140,LAB01,120.44,3,2025-05-05,H46,D195
P191,MRI07,3042.07,1,2025-07-23,H12,D101
P253,XRAY02,261.71,1,2025-09-13,H15,D089
P981,SURG05,4345.73,2,2025-05-11,H23,D049
P928,XRAY02,53.51,1,2025-01-21,H40,D059
P1185,LAB01,138.78,1,2025-03-19,H02,D132
P1280,CONS01,570.85,3,2025-12-01,H40,D117
P1347,CONS01,408.15,1,2025-02-20,H23,D167
P128,SURG05,3626.25,1,2025-12-28,H05,D135
P18,SURG05,7475.86,1,2025-12-27,H34,D199
P1817,CONS01,409.71,2,2025-09-23,H10,D177
P1759,SURG05,4833.44,3,2025-04-26,H27,D089
P566,XRAY02,318.52,2,2025-02-24,H42,D015
P570,MRI07,2760.32,1,2025-10-19,H04,D007
P1347,MRI07,2416.17,3,2025-02-20,H04,D175
P1896,XRAY02,325.12,3,2025-11-26,H08,D116
P686,MRI07,2557.29,1,2025-09-30,H06,D196
P1816,LAB01,104.77,2,2025-09-11,H25,D098
P626,XRAY02,322.43,1,2025-03-02,H27,D118
P1312,SURG05,4846.08,2,2025-12-13,H47,D173
P1967,XRAY02,324.47,1,2025-12-17,H40,D108
P854,CONS01,451.06,3,2025-08-13,H20,D106
P1687,SURG05,5028.94,3,2025-12-02,H27,D147
P962,CONS01,509.6,2,2025-04-13,H07,D047
P1663,SURG05,1205.49,1,2025-02-17,H23,D053
P155,MRI07,3401.78,2,2025-08-13,H20,D155
P490,XRAY02,284.8,3,2025-12-08,H49,D133
P1410,LAB01,151.97,3,2025-08-21,H34,D060
P785,SURG05,5277.37,2,2025-03-11,H29,D077
P1128,SURG05,16215.07,2,2025-02-16,H44,D062
P1953,CONS01,520.29,2,2025-08-16,H05,D059
P1417,MRI07,2932.01,2,2025-01-10,H27,D189
P1835,CONS01,494.86,2,2025-07-04,H12,D056
P246,CONS01,506.49,1,2025-03-21,H17,D078
P1200,MRI07,3276.33,2,2025-01-13,H37,D047
P1063,LAB01,109.5,2,2025-11-10,H34,D176
P1501,CONS01,445.15,3,2025-12-06,H30,D138
P1706,CONS01,485.5,3,2025-11-20,H36,D160
P759,SURG05,2748.23,1,2025-03-25,H06,D193
P538,MRI07,2191.15,2,2025-03-27,H32,D024
P1891,XRAY02,63.75,2,2025-06-06,H32,D029
P1842,LAB01,134.33,3,2025-05-24,H09,D135
P921,LAB01,87.79,3,2025-03-04,H22,D095
P408,MRI07,2663.43,3,2025-02-12,H10,D145
P525,SURG05,5252.99,2,2025-06-07,H29,D094
P828,SURG05,5453.64,2,2025-07-04,H11,D025
P1530,MRI07,3459.78,1,2025-10-13,H28,D036
P903,SURG05,5284.44,3,2025-11-19,H02,D189
P1849,LAB01,146.69,3,2025-01-24,H21,D071
P36,LAB01,127.82,3,2025-12-23,H31,D163
P685,XRAY02,321.84,3,2025-07-24,H41,D120
P20,MRI07,2412.83,3,2025-12-28,H17,D050
P321,CONS01,444.16,2,2025-08-12,H27,D184
P1800,CONS01,592.63,2,2025-04-11,H30,D128
P512,XRAY02,318.73,3,2025-07-23,H41,D193
P400,XRAY02,322.0,3,2025-01-08,H08,D041
P654,SURG05,5389.63,2,2025-06-21,H37,D025
P972,XRAY02,344.03,2,2025-07-27,H05,D162
P1907,XRAY02,273.77,1,2025-04-06,H26,D136
P471,CONS01,447.77,2,2025-06-11,H06,D056
P1167,SURG05,4101.81,1,2025-10-18,H16,D084
P1116,XRAY02,273.39,3,2025-04-06,H01,D158
P1378,XRAY02,215.74,3,2025-11-02,H09,D068
P834,SURG05,5388.28,3,2025-05-25,H21,D021
P1824,MRI07,2269.63,2,2025-09-15,H07,D091
P727,SURG05,4951.69,2,2025-10-27,H43,D010
P1983,CONS01,550.7,3,2025-04-12,H15,D087
P854,MRI07,3615.84,3,2025-06-26,H24,D033
P51,LAB01,110.86,1,2025-11-24,H05,D105
P1689,SURG05,4660.96,2,2025-04-20,H38,D083
P1722,CONS01,511.45,2,2025-07-17,H29,D004
P575,MRI07,2490.57,1,2025-05-09,H46,D023
P1214,SURG05,7019.77,3,2025-12-25,H46,D197
P1149,XRAY02,244.14,3,2025-05-17,H11,D053
P150,SURG05,5423.25,2,2025-01-27,H04,D113
P314,LAB01,110.53,2,2025-05-17,H10,D133
P570,SURG05,2888.39,3,2025-06-13,H34,D018
P1366,MRI07,2584.93,1,2025-12-15,H04,D017
P305,MRI07,2517.41,1,2025-12-22,H10,D186
P1716,SURG05,5856.1,1,2025-05-11,H33,D195
P682,MRI07,2718.45,2,2025-05-31,H46,D107
P838,XRAY02,308.22,1,2025-09-03,H18,D113
P1807,SURG05,6119.93,2,2025-04-20,H12,D122
P1078,XRAY02,65.79,2,2025-03-14,H23,D184
P1003,XRAY02,310.37,3,2025-10-13,H44,D168
P444,CONS01,538.56,3,2025-10-02,H25,D087
P613,SURG05,4461.53,1,2025-12-24,H37,D002
P993,MRI07,1726.85,1,2025-03-08,H04,D121
P264,XRAY02,268.14,2,2025-02-19,H13,D103
P1077,CONS01,677.78,3,2025-10-31,H18,D149
P1596,SURG05,5197.67,3,2025-01-03,H29,D180
P1004,SURG05,4380.11,2,2025-08-14,H44,D152
P1644,LAB01,134.43,1,2025-03-07,H30,D053
P5,LAB01,127.54,1,2025-06-04,H48,D166
P1127,XRAY02,258.33,2,2025-12-28,H38,D148
P1220,LAB01,115.21,3,2025-04-21,H28,D050
P774,XRAY02,298.31,2,2025-10-23,H07,D167
P877,MRI07,2301.89,2,2025-09-13,H24,D060
P992,XRAY02,278.26,1,2025-10-01,H41,D114
P884,LAB01,125.12,3,2025-06-04,H10,D108
P1374,MRI07,1637.95,1,2025-05-19,H37,D039
P47,LAB01,132.97,1,2025-06-16,H27,D071
P867,XRAY02,314.94,3,2025-01-19,H21,D128
P823,CONS01,464.65,1,2025-12-11,H36,D033
P936,SURG05,6017.53,2,2025-08-11,H43,D157
P1844,LAB01,136.57,2,2025-02-26,H29,D074
P656,XRAY02,270.15,3,2025-10-21,H07,D010
P269,MRI07,2771.77,2,2025-05-13,H13,D195
P370,LAB01,106.83,2,2025-12-04,H45,D131
P636,LAB01,118.14,2,2025-10-19,H23,D109
P1130,SURG05,5187.17,2,2025-12-10,H25,D159
P1694,XRAY02,269.08,1,2025-07-24,H41,D027
P1683,CONS01,536.31,2,2025-04-29,H45,D198
P657,MRI07,2518.48,3,2025-09-10,H13,D027
P120,XRAY02,304.87,1,2025-03-26,H37,D111
P831,MRI07,2516.64,2,2025-07-04,H30,D009
P1811,LAB01,139.57,2,2025-08-13,H26,D006
P1628,SURG05,5977.76,3,2025-05-28,H12,D134
P1082,SURG05,6285.26,1,2025-10-07,H01,D026
P1975,CONS01,623.47,2,2025-08-15,H18,D043
P1370,SURG05,4122.58,3,2025-10-13,H21,D019
P741,LAB01,118.62,1,2025-10-11,H24,D016
P1498,CONS01,500.93,1,2025-06-30,H17,D105
P117,XRAY02,267.39,2,2025-04-19,H42,D023
P1854,SURG05,4012.05,3,2025-05-15,H09,D157
P791,CONS01,498.06,3,2025-10-18,H40,D166
P1151,LAB01,151.8,2,2025-10-17,H28,D059
P1417,MRI07,2077.17,2,2025-04-13,H15,D048
P1932,MRI07,1858.26,2,2025-07-20,H13,D148
P1013,LAB01,124.18,3,2025-04-27,H28,D021
P1665,LAB01,136.53,1,2025-11-28,H17,D156
P1082,MRI07,2423.97,2,2025-11-06,H09,D178
P634,CONS01,523.6,2,2025-01-29,H21,D033
P513,MRI07,2647.86,1,2025-01-27,H30,D114
P1775,LAB01,119.99,1,2025-01-13,H11,D040
P802,SURG05,4067.74,3,2025-02-11,H30,D182
P1120,XRAY02,239.56,2,2025-08-12,H36,D010
P1662,SURG05,4722.17,3,2025-01-21,H25,D162
P1142,SURG05,4231.42,1,2025-05-16,H07,D073
P560,LAB01,153.35,2,2025-11-22,H20,D036
P1625,MRI07,2885.23,3,2025-08-09,H35,D075
P488,CONS01,496.3,3,2025-05-25,H10,D135
P1261,SURG05,5814.95,1,2025-01-10,H35,D115
P1909,MRI07,2971.01,2,2025-08-13,H01,D016
P897,CONS01,512.92,3,2025-05-21,H14,D179
P1296,SURG05,6069.85,3,2025-04-16,H45,D189
P1213,CONS01,397.33,1,2025-09-25,H05,D159
P704,MRI07,3023.53,2,2025-07-13,H40,D160
P1471,XRAY02,258.31,1,2025-05-08,H44,D045
P581,MRI07,2783.53,3,2025-08-01,H38,D027
P790,LAB01,104.54,2,2025-05-31,H34,D022
P861,CONS01,589.8,1,2025-06-29,H24,D143
P247,XRAY02,316.02,2,2025-11-13,H04,D008
P1987,CONS01,527.19,2,2025-01-26,H27,D196
P1100,CONS01,526.63,2,2025-01-15,H05,D116
P154,SURG05,6639.41,3,2025-01-22,H43,D136
P1680,LAB01,102.45,2,2025-12-11,H13,D087
P1459,CONS01,498.08,1,2025-03-06,H40,D117
P997,MRI07,3265.74,2,2025-09-08,H21,D016
P1110,MRI07,2247.65,2,2025-01-21,H37,D176
P697,SURG05,5102.19,3,2025-08-21,H32,D162
P1309,LAB01,95.4,1,2025-01-16,H38,D113
P1998,LAB01,145.2,2,2025-09-29,H31,D057
P1244,MRI07,2250.8,3,2025-07-24,H32,D133
P1093,XRAY02,310.79,3,2025-10-25,H15,D044
P1071,SURG05,5187.78,2,2025-06-09,H48,D071
P1009,SURG05,6252.55,2,2025-02-10,H30,D037
P94,MRI07,1901.1,2,2025-04-18,H43,D124
P1774,MRI07,2304.65,3,2025-05-05,H07,D028
P958,XRAY02,926.45,2,2025-06-01,H38,D068
P1012,XRAY02,289.52,3,2025-01-13,H31,D113
P453,LAB01,117.61,1,2025-07-22,H44,D166
P1228,SURG05,4800.48,2,2025-03-20,H26,D046
P912,SURG05,5089.96,1,2025-02-11,H36,D100
P218,MRI07,2639.25,1,2025-06-18,H46,D026
P474,LAB01,135.62,1,2025-09-06,H43,D075
P432,SURG05,5415.54,3,2025-05-01,H26,D181
P341,LAB01,94.32,3,2025-09-29,H44,D191
P551,LAB01,139.53,3,2025-10-27,H02,D112
P1636,MRI07,3528.23,3,2025-07-28,H43,D063
P1313,LAB01,115.74,1,2025-06-07,H45,D112
P1278,XRAY02,324.82,3,2025-05-01,H43,D166
P1758,XRAY02,320.43,1,2025-08-15,H09,D143
P357,CONS01,420.47,1,2025-01-24,H48,D099
P23,MRI07,2427.49,3,2025-08-18,H05,D009
P1786,CONS01,441.69,1,2025-01-26,H27,D075
P522,XRAY02,301.43,3,2025-02-27,H12,D022
P1782,CONS01,491.42,1,2025-09-22,H35,D198
P1861,MRI07,2696.05,2,2025-05-06,H29,D184
P1124,MRI07,2266.16,3,2025-10-02,H16,D037
P802,LAB01,80.5,1,2025-01-28,H19,D057
P1204,SURG05,4324.0,3,2025-10-28,H49,D188
P1247,LAB01,109.18,1,2025-05-08,H43,D114
P1930,MRI07,2950.85,3,2025-04-04,H27,D140
P762,XRAY02,274.67,2,2025-07-10,H18,D135
P1683,XRAY02,379.17,2,2025-09-29,H41,D194
P442,LAB01,137.58,3,2025-01-05,H13,D103
P1632,MRI07,2008.02,3,2025-06-06,H30,D041
P769,XRAY02,280.11,1,2025-02-21,H26,D152
P1016,MRI07,2955.18,1,2025-08-31,H06,D153
P1349,XRAY02,279.54,3,2025-05-31,H03,D190
P516,MRI07,2040.09,2,2025-09-19,H23,D105
P1040,CONS01,463.67,2,2025-11-01,H12,D106
P792,MRI07,2410.8,3,2025-03-21,H41,D044
P336,MRI07,2032.95,1,2025-07-02,H41,D130
P1783,LAB01,14.55,3,2025-12-20,H15,D170
P258,CONS01,523.5,3,2025-04-17,H01,D161
P497,SURG05,32614.24,2,2025-06-03,H47,D145
P896,LAB01,141.0,2,2025-10-20,H08,D122
P160,SURG05,4186.05,1,2025-07-24,H31,D191
P1499,XRAY02,374.67,1,2025-04-26,H11,D150
P852,SURG05,6278.95,3,2025-01-17,H17,D001
P1688,MRI07,3639.71,3,2025-10-15,H27,D094
P1932,SURG05,4443.61,3,2025-06-05,H31,D198
P690,LAB01,120.71,3,2025-01-25,H27,D182
P1699,LAB01,127.5,2,2025-10-05,H14,D014
P380,SURG05,4474.83,1,2025-11-13,H23,D100
P1569,LAB01,122.62,1,2025-05-06,H05,D102
P1953,LAB01,138.18,1,2025-10-27,H30,D053
P957,SURG05,4559.71,1,2025-12-24,H34,D006
P691,CONS01,432.81,2,2025-10-03,H47,D090
P1451,CONS01,542.7,3,2025-12-31,H19,D064
P1637,XRAY02,321.16,1,2025-06-27,H31,D088
P1292,LAB01,119.79,1,2025-12-10,H16,D033
P1859,SURG05,4547.64,3,2025-02-16,H45,D072
P1601,LAB01,76.46,2,2025-07-19,H27,D044
P1441,MRI07,3166.62,2,2025-02-20,H26,D107
P1192,LAB01,103.44,1,2025-10-22,H39,D034
P1866,LAB01,105.62,1,2025-09-27,H29,D162
P1067,CONS01,117.07,1,2025-07-16,H49,D152
P1580,SURG05,4428.37,2,2025-01-21,H39,D002
P285,LAB01,138.88,1,2025-05-23,H44,D136
P397,CONS01,465.45,3,2025-09-05,H45,D117
P12,XRAY02,1774.42,2,2025-12-22,H29,D153
P1631,CONS01,449.76,2,2025-12-19,H45,D121
P1326,CONS01,563.22,3,2025-01-01,H46,D032
P1922,CONS01,536.49,3,2025-12-31,H47,D056
P1277,LAB01,94.24,2,2025-12-04,H31,D094
P499,LAB01,126.92,1,2025-10-01,H02,D007
P754,XRAY02,310.38,2,2025-08-29,H06,D176
P35,MRI07,2888.0,1,2025-02-27,H09,D088
P727,MRI07,1895.54,3,2025-05-06,H15,D182
P849,MRI07,22257.09,1,2025-11-25,H20,D191
P90,XRAY02,330.41,3,2025-02-21,H48,D130
P776,MRI07,2307.12,1,2025-08-11,H02,D035
P605,MRI07,1967.68,1,2025-10-29,H03,D098
P1946,CONS01,567.59,3,2025-12-29,H30,D022
P970,LAB01,106.77,1,2025-09-26,H08,D192
P1626,LAB01,110.46,2,2025-04-06,H40,D059
P1022,CONS01,487.04,1,2025-09-30,H21,D177
P418,CONS01,443.04,2,2025-11-19,H39,D052
P115,CONS01,577.19,3,2025-03-02,H43,D149
P617,LAB01,114.8,1,2025-11-17,H13,D140
P1927,MRI07,2869.44,1,2025-06-30,H40,D011
P1220,CONS01,455.16,2,2025-05-13,H41,D182
P826,XRAY02,301.74,2,2025-03-30,H48,D122
P1525,CONS01,544.51,3,2025-06-22,H37,D198
P1650,SURG05,3209.37,2,2025-11-08,H32,D014
P1517,CONS01,492.28,2,2025-01-05,H14,D033
P1099,LAB01,488.16,2,2025-12-23,H01,D102
P413,CONS01,380.27,1,2025-12-09,H27,D077
P1400,SURG05,4350.84,1,2025-07-23,H24,D026
P1444,XRAY02,318.47,1,2025-06-11,H49,D142
P729,MRI07,2891.92,1,2025-03-02,H22,D176
P1301,CONS01,492.94,1,2025-07-09,H14,D065
P1021,SURG05,5618.8,2,2025-11-21,H45,D046
P761,SURG05,4841.45,2,2025-03-04,H08,D127
P676,XRAY02,329.33,1,2025-02-13,H27,D183
P1418,LAB01,90.28,1,2025-08-27,H03,D094
P1893,CONS01,479.68,3,2025-01-28,H33,D074
P457,SURG05,5380.05,3,2025-07-17,H47,D128
P920,XRAY02,334.65,2,2025-09-26,H21,D074
P192,MRI07,2929.26,3,2025-06-20,H32,D196
P739,SURG05,4487.55,2,2025-01-30,H40,D140
P1713,XRAY02,323.07,3,2025-06-03,H41,D182
P1123,LAB01,131.98,1,2025-07-28,H45,D192
P1572,LAB01,120.35,1,2025-03-04,H44,D102
P978,SURG05,4272.6,2,2025-11-25,H41,D047
P1009,SURG05,5275.97,2,2025-02-26,H32,D165
P96,CONS01,401.74,2,2025-11-16,H24,D169
P1688,XRAY02,376.09,2,2025-07-27,H11,D027
P663,SURG05,4836.32,3,2025-11-04,H37,D170
P1214,CONS01,492.68,1,2025-03-04,H21,D086
P1760,CONS01,513.74,3,2025-09-05,H18,D068
P37,SURG05,5956.21,1,2025-05-21,H11,D157
P1804,LAB01,86.42,1,2025-04-03,H27,D164
P1393,XRAY02,364.14,3,2025-04-17,H43,D109
P1719,XRAY02,228.47,2,2025-12-31,H38,D057
P1549,LAB01,159.61,3,2025-03-29,H01,D140
P279,SURG05,5128.7,3,2025-10-28,H29,D173
P217,XRAY02,256.45,3,2025-04-18,H21,D148
P867,SURG05,4818.12,1,2025-02-15,H29,D045
P873,SURG05,3379.19,2,2025-03-18,H09,D023
P1822,CONS01,486.34,1,2025-08-05,H07,D190
P1297,LAB01,119.11,3,2025-06-18,H38,D034
P1905,SURG05,5436.68,3,2025-10-29,H31,D021
P62,MRI07,2655.92,1,2025-05-09,H27,D179
P596,LAB01,104.76,1,2025-07-20,H42,D137
P1904,XRAY02,305.73,2,2025-07-15,H32,D113
P729,CONS01,494.75,3,2025-12-14,H05,D010
P1366,XRAY02,247.52,1,2025-09-25,H33,D052
P397,XRAY02,282.26,1,2025-03-29,H15,D045
P699,LAB01,132.47,1,2025-09-10,H05,D180
P1043,XRAY02,310.41,1,2025-08-26,H20,D030
P177,SURG05,4079.45,3,2025-03-14,H38,D192
P1636,XRAY02,300.0,2,2025-12-24,H37,D130
P396,CONS01,444.46,1,2025-12-21,H17,D177
P445,CONS01,487.7,1,2025-06-10,H04,D096
P1257,MRI07,286.79,2,2025-02-27,H21,D173
P1939,CONS01,480.52,3,2025-10-18,H34,D017
P76,XRAY02,312.43,1,2025-12-06,H40,D028
P265,CONS01,464.45,2,2025-03-07,H05,D126
P455,LAB01,109.9,2,2025-01-26,H04,D045
P1820,CONS01,447.87,3,2025-10-25,H22,D017
P718,SURG05,5170.12,2,2025-03-18,H14,D187
P735,LAB01,110.43,3,2025-10-13,H04,D142
P1408,MRI07,2938.72,2,2025-02-05,H08,D116
P1588,SURG05,5063.1,1,2025-01-19,H03,D138
P851,XRAY02,371.06,3,2025-10-05,H46,D081
P1530,XRAY02,283.55,2,2025-11-17,H29,D018
P1391,XRAY02,358.96,1,2025-11-09,H26,D035
P144,SURG05,5383.33,2,2025-09-24,H30,D176
P885,SURG05,5798.1,1,2025-10-09,H12,D058
P1093,SURG05,5472.27,3,2025-01-19,H15,D115
P1123,LAB01,123.9,1,2025-12-05,H41,D018
P396,LAB01,143.13,2,2025-05-20,H02,D180
P1049,XRAY02,273.77,1,2025-03-08,H01,D158
P948,CONS01,488.03,1,2025-11-08,H47,D037
P891,XRAY02,294.25,3,2025-01-18,H47,D040
P1493,MRI07,2941.52,1,2025-09-18,H28,D006
P1508,LAB01,145.39,1,2025-04-22,H40,D079
P1589,SURG05,4345.05,2,2025-04-25,H35,D163
P1175,LAB01,137.96,2,2025-06-15,H34,D154
P1168,SURG05,4351.6,3,2025-03-08,H04,D105
P569,MRI07,2205.66,3,2025-09-12,H18,D091
P1063,MRI07,1653.63,3,2025-03-11,H12,D158
P109,LAB01,449.51,2,2025-11-04,H21,D075
P1717,SURG05,5080.19,1,2025-07-22,H10,D116
P1066,MRI07,8414.3,3,2025-05-07,H21,D152
P1210,XRAY02,349.73,2,2025-11-17,H40,D122
P935,XRAY02,1065.52,2,2025-03-21,H25,D055
P398,SURG05,6074.0,3,2025-06-25,H17,D009
P1247,LAB01,119.71,2,2025-04-23,H06,D106
P634,MRI07,2219.08,1,2025-04-21,H14,D062
P1157,LAB01,116.14,2,2025-11-05,H37,D111
P1187,XRAY02,319.4,2,2025-05-17,H40,D146
P1239,MRI07,1550.34,1,2025-05-13,H40,D051
P733,LAB01,113.44,3,2025-11-24,H18,D103
P235,CONS01,528.97,2,2025-07-08,H30,D019
P1867,SURG05,38148.37,1,2025-10-04,H09,D069
P658,SURG05,25268.87,3,2025-08-13,H14,D117
P751,CONS01,424.74,1,2025-04-13,H46,D082
P588,XRAY02,300.06,2,2025-04-17,H46,D123
P1033,MRI07,2287.12,1,2025-03-04,H17,D033
P1098,SURG05,5549.9,3,2025-09-02,H34,D108
P954,CONS01,520.98,3,2025-06-22,H46,D166
P492,CONS01,405.5,3,2025-11-29,H22,D013
P913,XRAY02,355.49,1,2025-11-27,H32,D177
P1277,XRAY02,2409.5,1,2025-07-29,H12,D073
P1254,LAB01,128.35,3,2025-07-10,H16,D090
P1543,SURG05,4602.13,3,2025-06-07,H22,D181
P1198,LAB01,144.27,3,2025-11-15,H38,D129
P1677,CONS01,482.87,2,2025-08-13,H39,D012
P1192,MRI07,3356.96,2,2025-06-21,H02,D152
P170,MRI07,2600.13,2,2025-11-19,H45,D129
P1417,XRAY02,298.02,3,2025-02-05,H08,D068
P946,MRI07,3048.84,2,2025-05-14,H44,D135
P795,MRI07,1660.0,3,2025-02-06,H01,D116
P634,MRI07,1872.84,1,2025-04-03,H41,D092
P1218,CONS01,431.46,3,2025-03-16,H40,D197
P1541,MRI07,20947.84,3,2025-09-01,H41,D039
P29,MRI07,3097.41,2,2025-07-02,H05,D032
P1189,MRI07,1891.28,1,2025-07-24,H45,D177
P1446,LAB01,125.92,1,2025-07-06,H46,D159
P339,CONS01,570.77,1,2025-06-15,H36,D108
P1672,XRAY02,283.41,2,2025-04-25,H17,D079
P1520,LAB01,124.95,2,2025-07-26,H41,D003
P1389,SURG05,6018.63,2,2025-09-02,H30,D110
P1857,CONS01,456.85,2,2025-11-29,H15,D175
P1366,CONS01,571.05,2,2025-06-10,H20,D111
P500,SURG05,3836.27,3,2025-01-13,H36,D015
P1681,SURG05,5214.74,1,2025-10-21,H02,D051
P511,SURG05,5504.74,2,2025-08-24,H45,D107
P1351,XRAY02,330.67,1,2025-09-30,H04,D021
P217,MRI07,1784.21,2,2025-04-24,H24,D041
P1325,CONS01,518.75,3,2025-06-01,H48,D120
P1156,MRI07,2113.64,1,2025-01-26,H42,D003
P1828,MRI07,1247.35,2,2025-06-17,H02,D129
P1094,SURG05,5224.19,3,2025-02-01,H46,D149
P1276,XRAY02,296.22,3,2025-08-09,H02,D080
P1439,LAB01,82.86,1,2025-07-25,H01,D099
P1811,XRAY02,2483.89,2,2025-12-08,H13,D149
P445,MRI07,3070.51,3,2025-04-08,H06,D105
P876,XRAY02,329.81,3,2025-04-01,H22,D095
P1206,SURG05,4805.66,3,2025-08-02,H17,D177
P167,LAB01,120.37,1,2025-07-07,H49,D065
P91,SURG05,4677.24,1,2025-02-26,H22,D041
P714,LAB01,156.91,2,2025-04-17,H43,D067
P1882,MRI07,2994.98,2,2025-07-14,H06,D124
P1555,LAB01,132.93,1,2025-01-22,H03,D042
P39,LAB01,84.01,1,2025-07-05,H46,D069
P1150,LAB01,117.44,1,2025-03-26,H06,D185
P1475,XRAY02,320.35,3,2025-03-21,H17,D171
P173,XRAY02,258.7,1,2025-11-25,H35,D101
P653,MRI07,2803.64,2,2025-03-18,H49,D140
P754,LAB01,98.7,3,2025-11-26,H37,D064
P1244,CONS01,489.42,1,2025-12-07,H47,D108
P1662,MRI07,2872.48,2,2025-06-26,H35,D051
P1082,LAB01,122.41,1,2025-06-23,H23,D073
P1684,LAB01,114.65,2,2025-03-23,H08,D060
P476,XRAY02,355.67,3,2025-01-21,H07,D199
P456,MRI07,2791.09,3,2025-06-28,H10,D080
P829,LAB01,132.04,2,2025-11-26,H26,D156
P895,LAB01,130.58,2,2025-08-13,H10,D124
P1385,MRI07,20408.05,3,2025-09-22,H19,D199
P1959,CONS01,519.98,3,2025-09-26,H23,D014
P1025,MRI07,1975.74,2,2025-09-08,H31,D160
P387,MRI07,1869.54,2,2025-09-30,H33,D008
P1997,CONS01,501.42,1,2025-12-09,H02,D027
P348,MRI07,2524.64,1,2025-09-29,H28,D050
P190,LAB01,89.71,3,2025-10-07,H32,D187
P505,MRI07,1721.99,3,2025-08-11,H33,D057
P1215,CONS01,590.27,1,2025-03-16,H09,D003
P1532,SURG05,5695.27,1,2025-05-31,H29,D155
P1393,MRI07,1833.74,3,2025-12-25,H15,D034
P1433,XRAY02,320.6,3,2025-12-08,H18,D026
P824,LAB01,108.79,2,2025-04-15,H18,D168
P929,LAB01,115.3,2,2025-02-11,H07,D115
P934,XRAY02,336.4,3,2025-06-25,H14,D086
P1141,XRAY02,298.66,1,2025-09-02,H29,D160
P134,MRI07,2230.17,2,2025-09-10,H19,D169
P58,XRAY02,369.63,3,2025-10-01,H05,D130
P1580,SURG05,4403.39,1,2025-11-30,H41,D111
P685,CONS01,528.27,1,2025-04-02,H45,D106
P672,XRAY02,292.31,3,2025-01-11,H05,D135
P173,XRAY02,318.21,2,2025-06-01,H15,D019
P1853,SURG05,5618.42,2,2025-07-08,H26,D033
P815,LAB01,152.13,3,2025-06-13,H24,D002
P1173,LAB01,22.0,1,2025-05-06,H19,D195
P80,MRI07,2740.02,2,2025-07-30,H20,D015
P886,SURG05,4941.76,3,2025-04-07,H43,D021
P1237,CONS01,506.96,2,2025-11-05,H09,D078
P203,CONS01,3958.18,3,2025-12-05,H28,D059
P764,SURG05,5530.11,2,2025-02-16,H16,D104
P1253,CONS01,467.39,2,2025-11-04,H11,D082
P1700,LAB01,103.1,2,2025-08-12,H34,D118
P1251,CONS01,530.9,3,2025-02-26,H25,D113
P1683,CONS01,508.24,3,2025-03-16,H40,D039
P1556,SURG05,5846.87,1,2025-09-11,H21,D020
P1465,SURG05,4407.78,2,2025-05-31,H05,D001
P1426,CONS01,545.47,2,2025-02-28,H11,D073
P47,XRAY02,240.81,3,2025-11-21,H43,D009
P1257,SURG05,4812.13,2,2025-03-27,H09,D051
P1329,MRI07,2467.29,3,2025-06-19,H11,D166
P1550,MRI07,2673.85,1,2025-05-26,H37,D015
P1167,LAB01,133.41,2,2025-11-23,H41,D084
P1439,CONS01,480.67,3,2025-02-02,H01,D041
P1537,XRAY02,264.68,3,2025-01-03,H26,D175
P1397,LAB01,121.52,2,2025-10-11,H10,D154
P1590,CONS01,542.61,1,2025-09-14,H40,D054
P1910,SURG05,6243.06,3,2025-05-06,H19,D119
P1283,MRI07,2915.81,2,2025-04-23,H16,D198
P656,XRAY02,314.23,1,2025-10-30,H45,D167
P471,MRI07,2776.39,3,2025-10-20,H37,D017
P1977,SURG05,4798.12,1,2025-12-08,H41,D198
P971,CONS01,468.01,3,2025-02-17,H04,D128
P1036,SURG05,5879.79,2,2025-12-30,H14,D092
P1354,SURG05,6494.94,2,2025-10-02,H30,D009
P736,MRI07,2970.45,2,2025-07-14,H07,D046
P784,XRAY02,330.88,1,2025-12-05,H12,D134
P968,SURG05,563.09,1,2025-08-13,H24,D196
P358,MRI07,1831.97,2,2025-08-01,H39,D016
P972,XRAY02,342.82,3,2025-11-17,H43,D112
P1432,CONS01,421.37,1,2025-10-09,H22,D087
P668,CONS01,471.92,1,2025-05-18,H47,D157
P373,LAB01,166.89,3,2025-12-21,H30,D169
P1032,MRI07,2853.76,3,2025-11-29,H39,D196
P1146,XRAY02,296.42,2,2025-03-11,H20,D062
P1372,SURG05,3818.45,1,2025-10-26,H26,D104
P676,CONS01,554.85,3,2025-03-11,H49,D120
P90,XRAY02,357.66,3,2025-07-27,H05,D168
P1672,MRI07,1814.55,2,2025-07-19,H40,D190
P698,LAB01,133.85,2,2025-02-28,H42,D152
P1340,CONS01,553.99,1,2025-09-16,H06,D134
P1202,XRAY02,38.73,3,2025-12-07,H34,D040
P540,XRAY02,355.07,2,2025-12-17,H05,D198
P732,XRAY02,56.09,1,2025-11-30,H10,D058
P869,MRI07,2427.56,2,2025-12-23,H28,D142
P41,MRI07,2025.16,1,2025-12-05,H03,D078
P740,MRI07,3056.67,3,2025-06-14,H13,D173
P1728,SURG05,5340.66,2,2025-09-02,H48,D111
P1947,XRAY02,255.8,1,2025-03-25,H47,D099
P502,CONS01,449.82,1,2025-11-05,H02,D006
P959,MRI07,2183.07,3,2025-04-24,H35,D023
P1169,MRI07,2404.04,2,2025-08-22,H47,D062
P1225,XRAY02,305.65,1,2025-09-19,H28,D017
P929,MRI07,2572.58,1,2025-06-21,H37,D084
P1748,SURG05,4345.56,1,2025-01-18,H23,D112
P461,SURG05,2272.83,1,2025-08-23,H43,D198
P732,MRI07,2128.42,2,2025-11-06,H23,D104
P752,XRAY02,246.14,2,2025-06-06,H35,D125
P925,XRAY02,354.07,1,2025-07-30,H41,D028
P909,XRAY02,292.23,2,2025-10-08,H39,D141
P1582,LAB01,109.51,2,2025-11-15,H32,D157
P1571,MRI07,2510.57,3,2025-07-15,H02,D173
P1277,XRAY02,341.94,3,2025-04-25,H47,D020
P390,SURG05,4877.61,1,2025-06-09,H44,D186
P1618,CONS01,3164.67,3,2025-06-04,H48,D117
P883,CONS01,506.58,2,2025-02-20,H16,D054
P256,XRAY02,345.0,1,2025-10-11,H16,D109
P709,CONS01,410.23,3,2025-03-14,H03,D064
P1839,CONS01,399.15,1,2025-11-24,H28,D052
P1945,LAB01,129.23,1,2025-12-07,H29,D043
P450,SURG05,4764.37,3,2025-04-20,H20,D087
P10,SURG05,3968.74,2,2025-10-13,H36,D018
P824,LAB01,28.32,2,2025-08-09,H33,D084
P798,LAB01,113.63,3,2025-01-09,H22,D054
P1266,CONS01,441.2,3,2025-03-23,H08,D060
P1275,MRI07,2885.25,3,2025-11-16,H47,D123
P877,CONS01,523.95,3,2025-10-21,H24,D071
P1029,LAB01,112.14,1,2025-01-22,H37,D129
P1143,SURG05,5692.31,2,2025-04-09,H20,D113
P1016,CONS01,566.72,2,2025-06-19,H12,D037
P1825,MRI07,3094.17,3,2025-07-09,H20,D049
P374,CONS01,500.88,2,2025-04-16,H20,D035
P1089,XRAY02,300.88,2,2025-11-16,H04,D105
P146,CONS01,595.66,2,2025-09-22,H30,D195
P224,LAB01,99.44,3,2025-12-17,H31,D035
P1263,SURG05,4210.32,3,2025-06-17,H22,D009
P177,SURG05,5266.63,2,2025-12-10,H15,D165
P1803,LAB01,138.73,3,2025-04-23,H38,D060
P853,XRAY02,243.66,2,2025-11-24,H37,D056
P1306,LAB01,155.85,3,2025-11-02,H28,D106
P63,CONS01,588.32,2,2025-05-28,H11,D111
P1241,LAB01,141.32,3,2025-12-03,H14,D089
P1878,LAB01,115.22,2,2025-08-08,H11,D012
P827,XRAY02,273.97,3,2025-02-02,H09,D071
P795,CONS01,2457.98,3,2025-08-08,H24,D071
P689,MRI07,3118.63,2,2025-11-15,H10,D119
P1485,MRI07,2052.57,1,2025-07-04,H38,D132
P1953,SURG05,4676.45,2,2025-07-12,H43,D189
P1634,LAB01,125.05,2,2025-12-27,H41,D173
P105,SURG05,5417.2,1,2025-06-29,H37,D095
P1123,XRAY02,291.31,3,2025-12-21,H42,D178
P511,MRI07,1919.28,1,2025-01-06,H32,D050
P385,LAB01,134.61,2,2025-01-09,H20,D103
P405,XRAY02,272.26,1,2025-12-23,H14,D176
P823,XRAY02,265.24,3,2025-03-02,H38,D023
P518,LAB01,127.82,2,2025-06-12,H04,D090
P476,XRAY02,307.83,2,2025-04-09,H24,D093
P709,LAB01,142.44,3,2025-05-28,H32,D008
P1887,LAB01,109.99,3,2025-02-27,H10,D029
P1669,CONS01,498.66,2,2025-08-03,H43,D171
P1894,SURG05,548.57,3,2025-11-12,H16,D053
P771,XRAY02,372.67,1,2025-07-01,H39,D134
P1461,XRAY02,365.07,1,2025-02-04,H32,D024
P1047,CONS01,485.57,1,2025-10-30,H18,D120
P997,CONS01,459.65,1,2025-02-15,H25,D124
P1589,CONS01,525.61,3,2025-03-28,H07,D142
P677,MRI07,2586.61,1,2025-01-04,H47,D052
P714,MRI07,2257.78,1,2025-09-23,H18,D070
P1482,MRI07,3038.05,2,2025-04-17,H47,D004
P83,LAB01,110.21,3,2025-03-16,H18,D186
P1169,XRAY02,281.28,3,2025-02-09,H03,D116
P1109,SURG05,4480.44,3,2025-05-07,H01,D037
P1102,LAB01,103.26,2,2025-07-02,H33,D048
P457,XRAY02,244.02,2,2025-04-29,H07,D122
P1902,XRAY02,232.64,3,2025-03-14,H10,D039
P1,CONS01,465.64,1,2025-02-09,H44,D092
P51,CONS01,530.13,2,2025-07-23,H08,D066
P685,LAB01,116.97,2,2025-04-06,H32,D013
P717,CONS01,566.9,2,2025-10-06,H23,D194
P1796,XRAY02,286.24,3,2025-05-23,H17,D060
P1470,CONS01,523.25,1,2025-04-25,H14,D126
P449,MRI07,1586.62,2,2025-05-13,H17,D169
P881,CONS01,432.21,2,2025-06-17,H25,D032
P488,XRAY02,2825.86,3,2025-09-02,H21,D180
P1824,LAB01,96.18,1,2025-10-04,H06,D133
P34,SURG05,4420.6,2,2025-09-16,H20,D195
P1372,CONS01,420.86,3,2025-02-15,H49,D066
P95,XRAY02,350.63,3,2025-12-12,H20,D078
P1096,SURG05,4863.15,2,2025-12-01,H26,D180
P1575,SURG05,7567.01,3,2025-08-25,H32,D126
P154,MRI07,2094.91,3,2025-02-22,H08,D177
P250,SURG05,4859.07,2,2025-05-28,H45,D029
P674,XRAY02,363.01,3,2025-07-06,H48,D166
P438,XRAY02,348.16,1,2025-01-21,H44,D070
P118,CONS01,534.14,1,2025-03-31,H29,D136
P771,CONS01,469.5,2,2025-08-21,H17,D187
P1915,CONS01,506.85,1,2025-08-03,H18,D055
P1330,SURG05,4523.24,1,2025-02-20,H40,D110
P268,SURG05,3442.59,2,2025-06-02,H18,D002
P1985,MRI07,2368.33,3,2025-11-20,H11,D154
P1078,CONS01,510.8,1,2025-04-26,H45,D063
P236,LAB01,114.95,3,2025-08-02,H12,D017
P389,MRI07,2391.55,2,2025-12-05,H15,D059
P990,LAB01,128.17,1,2025-12-17,H26,D088
P1758,SURG05,5733.34,2,2025-05-17,H03,D016
P763,MRI07,2283.9,3,2025-10-12,H03,D058
P1849,MRI07,2094.62,2,2025-03-12,H38,D192
P401,XRAY02,355.43,1,2025-09-02,H35,D050
P624,SURG05,4989.75,2,2025-02-07,H09,D154
P767,SURG05,4646.69,2,2025-08-04,H43,D017
P1327,MRI07,2959.6,2,2025-05-07,H40,D114
P919,SURG05,3846.16,3,2025-03-13,H04,D046
P1231,MRI07,2926.79,3,2025-08-14,H20,D106
P1253,XRAY02,367.08,3,2025-11-11,H15,D127
P853,MRI07,1918.33,3,2025-10-11,H29,D196
P1934,SURG05,4561.31,1,2025-10-29,H05,D050
P578,SURG05,5064.98,3,2025-09-03,H39,D171
P75,MRI07,2805.16,3,2025-03-12,H40,D118
P435,MRI07,2542.62,1,2025-07-14,H07,D176
P103,MRI07,2619.17,3,2025-02-07,H08,D068
P1446,CONS01,432.17,2,2025-04-27,H32,D147
P1728,SURG05,5435.9,3,2025-08-26,H36,D153
P764,SURG05,6714.28,1,2025-12-30,H33,D146
P738,CONS01,460.49,2,2025-07-23,H37,D051
P806,MRI07,2829.45,1,2025-12-17,H32,D146
P1330,XRAY02,326.15,2,2025-11-15,H43,D112
P98,MRI07,2732.44,2,2025-12-25,H36,D186
P1874,MRI07,3122.34,2,2025-01-05,H34,D064
P798,CONS01,542.64,1,2025-06-06,H49,D199
P1359,SURG05,5214.81,2,2025-04-17,H25,D185
P859,MRI07,2351.97,2,2025-08-16,H44,D145
P435,SURG05,4234.98,2,2025-05-22,H32,D059
P447,LAB01,111.36,2,2025-11-10,H02,D195
P1332,SURG05,5451.81,2,2025-06-21,H09,D143
P249,XRAY02,2160.38,3,2025-05-26,H38,D100
P166,XRAY02,305.76,1,2025-01-07,H29,D026
P1505,MRI07,1897.35,2,2025-12-09,H38,D176
P984,SURG05,4207.79,2,2025-12-19,H18,D014
P1359,MRI07,1900.74,2,2025-10-28,H22,D122
P1020,CONS01,514.73,2,2025-01-16,H35,D009
P542,XRAY02,376.78,2,2025-11-16,H15,D007
P759,MRI07,2598.96,3,2025-02-06,H07,D183
P1130,CONS01,600.47,3,2025-06-02,H13,D140
P1587,MRI07,1978.17,2,2025-09-22,H42,D145
P81,SURG05,4848.52,2,2025-07-02,H36,D108
P133,SURG05,3844.44,2,2025-06-05,H16,D136
P797,SURG05,5470.58,1,2025-05-17,H41,D091
P900,SURG05,4998.7,1,2025-03-31,H21,D124
P138,LAB01,109.53,3,2025-08-06,H28,D170
P184,CONS01,423.98,3,2025-11-26,H10,D165
P1425,CONS01,507.19,1,2025-07-05,H19,D148
P1354,SURG05,6076.42,2,2025-07-28,H17,D001
P785,LAB01,26.4,3,2025-02-20,H01,D009
P1532,SURG05,5074.66,2,2025-10-15,H13,D111
P1876,LAB01,81.38,2,2025-03-29,H36,D024
P984,SURG05,6054.89,3,2025-05-16,H47,D125
P69,XRAY02,318.46,1,2025-06-07,H42,D162
P546,XRAY02,271.23,1,2025-10-09,H20,D036
P1798,MRI07,2526.14,1,2025-06-04,H41,D004
P53,SURG05,5250.1,2,2025-08-08,H40,D157
P1474,CONS01,542.75,2,2025-06-16,H06,D087
P205,MRI07,2270.54,2,2025-11-18,H23,D144
P126,XRAY02,316.98,1,2025-06-28,H42,D008
P1771,SURG05,4025.57,2,2025-11-25,H24,D091
P43,MRI07,1917.76,3,2025-02-19,H49,D039
P1776,SURG05,5172.52,2,2025-10-28,H05,D058
P1995,XRAY02,307.72,3,2025-03-28,H32,D140
P1907,MRI07,3058.32,1,2025-02-02,H46,D172
P111,XRAY02,309.34,2,2025-10-02,H17,D004
P761,LAB01,107.86,2,2025-05-21,H11,D025
P1687,XRAY02,65.53,1,2025-07-25,H27,D198
P1207,SURG05,5874.49,2,2025-08-12,H04,D067
P848,CONS01,444.4,3,2025-04-23,H23,D167
P95,XRAY02,253.14,1,2025-10-05,H23,D118
P1995,CONS01,425.92,3,2025-12-19,H49,D024
P1398,LAB01,119.44,1,2025-01-05,H34,D006
P1936,MRI07,1963.33,3,2025-07-31,H21,D097
P1544,MRI07,2453.9,3,2025-09-13,H22,D072
P900,CONS01,573.52,3,2025-11-30,H01,D161
P360,MRI07,417.26,2,2025-01-30,H32,D176
P900,XRAY02,2875.99,2,2025-12-13,H28,D195
P1720,CONS01,457.36,2,2025-03-23,H18,D124
P281,SURG05,7109.76,2,2025-08-24,H07,D002
P1219,XRAY02,359.58,2,2025-12-10,H38,D038
P1888,XRAY02,268.89,3,2025-12-27,H06,D040
P1219,XRAY02,250.63,2,2025-11-19,H14,D056
P667,SURG05,4408.25,3,2025-09-10,H30,D103
P93,LAB01,102.18,1,2025-04-28,H44,D103
P672,MRI07,2278.42,3,2025-01-30,H46,D021
P1970,CONS01,537.07,2,2025-04-21,H14,D115
P61,LAB01,114.84,1,2025-09-11,H44,D035
P634,CONS01,600.44,2,2025-07-18,H41,D067
P1075,MRI07,2710.12,1,2025-10-22,H09,D188
P1427,SURG05,4755.27,3,2025-12-08,H31,D151
P1813,XRAY02,369.35,1,2025-10-24,H02,D193
P1029,XRAY02,346.54,2,2025-10-14,H18,D191
P1490,SURG05,21435.56,1,2025-09-01,H05,D151
P604,LAB01,121.89,3,2025-08-09,H26,D123
P682,LAB01,106.86,1,2025-06-05,H23,D042
P1853,CONS01,437.6,3,2025-08-24,H12,D192
P534,SURG05,4060.62,1,2025-11-16,H14,D194
P1429,LAB01,141.36,3,2025-01-19,H13,D081
P838,SURG05,4004.23,3,2025-08-03,H35,D041
P1537,MRI07,2575.93,3,2025-04-24,H47,D114
P645,XRAY02,327.78,3,2025-07-19,H15,D020
P233,XRAY02,299.83,2,2025-01-25,H35,D009
P524,XRAY02,2103.36,3,2025-05-01,H19,D057
P346,SURG05,25617.95,2,2025-08-18,H15,D124
P1070,SURG05,5606.18,3,2025-04-09,H08,D145
P546,CONS01,634.06,1,2025-12-12,H23,D078
P1969,XRAY02,284.72,1,2025-01-03,H13,D018
P1102,CONS01,553.94,2,2025-09-18,H23,D063
P1754,XRAY02,253.74,1,2025-09-11,H31,D093
P1837,CONS01,508.19,3,2025-01-20,H30,D026
P1947,CONS01,516.29,1,2025-07-23,H42,D084
P1097,MRI07,2254.32,2,2025-10-21,H02,D013
P794,CONS01,367.73,1,2025-12-23,H11,D119
P249,SURG05,5810.8,2,2025-05-08,H25,D145
P47,CONS01,443.46,3,2025-12-24,H29,D115
P1145,XRAY02,298.34,3,2025-10-19,H22,D026
P214,CONS01,509.33,1,2025-06-23,H19,D134
P239,LAB01,119.84,1,2025-08-09,H09,D081
P1080,XRAY02,338.89,1,2025-12-21,H41,D132
P350,LAB01,85.23,3,2025-02-06,H38,D089
P107,XRAY02,312.64,1,2025-11-06,H29,D007
P831,SURG05,5795.52,3,2025-05-29,H10,D017
P48,SURG05,5742.19,2,2025-04-02,H22,D086
P1597,SURG05,6479.91,1,2025-03-11,H24,D128
P337,LAB01,101.12,1,2025-03-25,H08,D118
P1050,MRI07,1978.61,2,2025-07-24,H47,D092
P804,XRAY02,205.57,2,2025-09-24,H06,D050
P1281,SURG05,4679.34,2,2025-03-29,H07,D128
P8,XRAY02,363.38,2,2025-09-09,H20,D006
P625,LAB01,122.41,3,2025-07-30,H17,D158
P1891,MRI07,10003.56,1,2025-12-09,H36,D074
P1277,LAB01,131.11,3,2025-01-31,H08,D056
P1716,XRAY02,246.41,3,2025-12-23,H13,D039
P719,MRI07,2225.36,2,2025-11-12,H24,D142
P303,MRI07,2334.04,1,2025-03-02,H46,D054
P639,LAB01,111.04,3,2025-03-08,H31,D022
P56,SURG05,4527.17,3,2025-08-14,H23,D185
P726,XRAY02,315.77,2,2025-12-01,H17,D041
P526,CONS01,2422.86,1,2025-11-23,H46,D090
P474,CONS01,553.85,1,2025-03-08,H24,D010
P28,LAB01,111.51,1,2025-05-08,H43,D002
P78,XRAY02,310.79,3,2025-04-21,H10,D195
P1240,XRAY02,272.5,2,2025-09-29,H31,D048
P1410,LAB01,105.67,1,2025-10-28,H45,D042
P365,XRAY02,249.75,3,2025-02-03,H20,D139
P666,SURG05,5386.5,3,2025-07-31,H16,D140
P526,LAB01,117.12,1,2025-10-27,H14,D142
P699,SURG05,4807.58,2,2025-05-05,H03,D030
P1336,XRAY02,310.1,2,2025-04-13,H30,D060
P883,LAB01,120.79,1,2025-07-25,H18,D158
P1031,XRAY02,38.72,3,2025-04-30,H06,D038
P1027,LAB01,127.22,2,2025-06-19,H20,D075
P1647,XRAY02,360.09,3,2025-02-04,H35,D065
P919,SURG05,4924.02,3,2025-11-27,H19,D175
P750,SURG05,6257.98,2,2025-09-03,H26,D039
P363,XRAY02,34.75,3,2025-12-06,H35,D177
P1775,LAB01,90.04,3,2025-11-05,H12,D073
P1532,CONS01,67.47,1,2025-02-27,H08,D058
P1298,SURG05,5713.33,2,2025-11-02,H37,D107
P1530,SURG05,4235.86,3,2025-05-21,H49,D089
P806,CONS01,548.76,2,2025-04-21,H10,D017
P739,XRAY02,1947.13,2,2025-06-12,H21,D134
P1907,LAB01,1145.01,3,2025-04-21,H49,D143
P1039,XRAY02,266.76,2,2025-06-01,H41,D195
P1216,MRI07,2076.04,1,2025-03-06,H45,D095
P1655,SURG05,4298.1,1,2025-04-16,H42,D156
P485,MRI07,2499.78,3,2025-08-04,H29,D172
P28,SURG05,5042.1,2,2025-04-01,H31,D146
P714,SURG05,770.0,3,2025-01-26,H40,D160
P1063,MRI07,2272.03,2,2025-06-06,H07,D197
P1977,MRI07,2707.95,3,2025-03-13,H34,D172
P1297,XRAY02,292.37,3,2025-02-13,H34,D070
P1255,MRI07,1517.65,2,2025-03-31,H30,D063
P86,XRAY02,345.3,1,2025-05-13,H04,D058
P1498,XRAY02,357.85,3,2025-06-10,H41,D175
P126,XRAY02,301.13,1,2025-08-20,H30,D126
P812,SURG05,5905.48,2,2025-09-18,H25,D145
P537,SURG05,5803.23,3,2025-04-21,H14,D167
P145,MRI07,3106.14,2,2025-06-13,H24,D187
P1549,SURG05,5791.64,1,2025-03-18,H43,D135
P1236,MRI07,3180.72,2,2025-07-28,H31,D063
P25,SURG05,5099.68,3,2025-01-13,H39,D117
P1604,LAB01,131.7,1,2025-02-27,H28,D185
P1418,LAB01,109.73,3,2025-12-10,H25,D162
P67,MRI07,2069.2,1,2025-02-05,H19,D053
P233,SURG05,4115.22,2,2025-01-25,H04,D194
P109,SURG05,3898.72,2,2025-02-03,H34,D082
P1170,XRAY02,305.86,3,2025-05-20,H32,D176
P111,CONS01,524.28,3,2025-10-02,H25,D188
P228,MRI07,2960.32,3,2025-12-28,H22,D043
P111,CONS01,561.39,1,2025-08-10,H28,D004
P1494,CONS01,505.01,1,2025-02-06,H18,D075
P34,MRI07,3580.04,3,2025-12-29,H07,D094
P623,SURG05,5045.95,1,2025-05-09,H11,D107
P1800,MRI07,2770.83,1,2025-11-12,H42,D091
P1960,CONS01,89.82,2,2025-11-19,H11,D093
P1393,SURG05,4919.88,2,2025-08-06,H09,D180
P748,LAB01,110.6,2,2025-12-01,H35,D160
P595,MRI07,2046.95,3,2025-09-05,H37,D113
P1578,MRI07,2556.28,2,2025-04-21,H23,D090
P425,SURG05,4952.79,2,2025-10-31,H33,D094
P613,LAB01,157.03,1,2025-08-08,H01,D179
P1542,LAB01,84.63,2,2025-07-15,H20,D138
P692,SURG05,4663.04,1,2025-05-27,H05,D140
P1306,XRAY02,415.45,2,2025-12-10,H29,D167
P1344,MRI07,2774.35,3,2025-02-09,H26,D196
P1762,MRI07,2670.14,3,2025-05-14,H38,D138
P1467,CONS01,462.22,2,2025-12-18,H03,D092
P1976,SURG05,4545.32,2,2025-07-10,H21,D105
P315,CONS01,470.74,2,2025-06-12,H13,D073
P877,CONS01,587.8,3,2025-03-02,H31,D010
P1990,LAB01,115.7,1,2025-01-05,H17,D104
P1765,MRI07,2931.14,1,2025-02-06,H35,D151
P1401,CONS01,543.97,2,2025-08-05,H23,D141
P1313,LAB01,129.47,3,2025-08-13,H03,D048
P1461,SURG05,4922.21,1,2025-08-04,H45,D109
P662,CONS01,393.98,2,2025-05-19,H02,D089
P277,MRI07,3124.19,3,2025-04-16,H03,D044
P1734,CONS01,535.89,3,2025-04-09,H20,D093
P1606,SURG05,6014.51,1,2025-06-17,H48,D064
P1527,CONS01,463.4,3,2025-09-21,H44,D040
P624,MRI07,2226.06,2,2025-03-28,H09,D134
P516,LAB01,175.81,2,2025-03-25,H48,D120
P1374,MRI07,1679.56,1,2025-08-12,H04,D072
P843,LAB01,131.93,3,2025-01-11,H25,D098
P1470,XRAY02,342.68,1,2025-11-23,H01,D171
P1854,MRI07,1543.35,1,2025-07-05,H39,D032
P350,MRI07,2474.93,3,2025-12-16,H12,D177
P1631,SURG05,4788.02,1,2025-08-19,H40,D074
P1688,CONS01,436.15,3,2025-05-21,H40,D123
P823,LAB01,133.6,2,2025-04-16,H24,D147
P1161,LAB01,92.1,1,2025-09-10,H09,D084
P759,SURG05,5181.22,3,2025-02-18,H46,D052
P899,SURG05,4469.68,3,2025-09-20,H20,D180
P243,CONS01,371.17,3,2025-07-24,H05,D034
P543,CONS01,471.42,1,2025-12-23,H20,D187
P1064,MRI07,2199.89,2,2025-02-20,H21,D081
P229,XRAY02,327.13,1,2025-06-24,H02,D108
P548,CONS01,3546.18,2,2025-08-13,H21,D126
P920,SURG05,5851.51,1,2025-09-18,H42,D005
P1247,CONS01,513.58,1,2025-08-10,H24,D194
P6,LAB01,631.97,1,2025-08-11,H09,D041
P1346,XRAY02,280.83,2,2025-09-26,H39,D034
P468,MRI07,3026.13,3,2025-10-25,H30,D182
P1756,LAB01,94.38,1,2025-11-14,H18,D020
P75,LAB01,103.96,1,2025-03-15,H44,D182
P4,XRAY02,347.19,2,2025-04-24,H43,D066
P1871,MRI07,2335.6,1,2025-08-07,H10,D092
P646,SURG05,5361.03,3,2025-02-23,H45,D146
P118,MRI07,2638.76,3,2025-07-19,H41,D044
P881,CONS01,513.09,2,2025-05-11,H48,D103
P1630,LAB01,110.37,2,2025-12-05,H21,D048
P504,CONS01,442.77,3,2025-07-11,H22,D035
P947,SURG05,4762.68,3,2025-06-28,H17,D111
P574,CONS01,138.38,3,2025-11-01,H05,D039
P1465,MRI07,1986.27,2,2025-10-14,H06,D003
P194,CONS01,542.46,3,2025-08-28,H10,D019
P847,SURG05,4358.2,3,2025-09-02,H43,D125
P715,SURG05,3714.82,3,2025-11-26,H02,D146
P1416,SURG05,5162.0,1,2025-04-27,H07,D083
P1050,MRI07,1976.09,2,2025-07-27,H46,D005
P1459,SURG05,5161.65,2,2025-07-31,H04,D055
P173,LAB01,110.81,2,2025-09-16,H37,D013
P1324,SURG05,5399.74,2,2025-06-12,H19,D162
P1669,CONS01,532.88,1,2025-08-14,H28,D018
P326,CONS01,510.36,1,2025-12-07,H20,D068
P1434,CONS01,545.94,1,2025-03-05,H30,D100
P1142,MRI07,1733.35,1,2025-09-03,H42,D171
P836,CONS01,501.65,1,2025-01-18,H38,D193
P1811,MRI07,2692.1,2,2025-02-03,H02,D169
P724,MRI07,2903.75,2,2025-11-08,H03,D038
P225,SURG05,5391.93,2,2025-11-19,H47,D166
P532,LAB01,113.26,1,2025-06-30,H42,D141
P113,SURG05,5055.08,3,2025-12-13,H49,D125
P140,SURG05,5910.29,2,2025-07-13,H39,D022
P559,MRI07,2571.53,2,2025-07-11,H25,D029
P1,MRI07,2306.15,3,2025-03-08,H02,D137
P90,CONS01,455.06,1,2025-07-28,H39,D110
P654,CONS01,496.24,3,2025-06-16,H15,D108
P320,SURG05,4355.45,3,2025-09-03,H03,D068
P1574,XRAY02,293.62,2,2025-09-02,H05,D104
P1829,XRAY02,320.52,2,2025-06-15,H40,D145
P1918,CONS01,611.9,1,2025-10-23,H36,D165
P139,XRAY02,287.17,3,2025-07-30,H40,D192
P1535,CONS01,525.79,1,2025-05-13,H38,D195
P1892,MRI07,1543.81,3,2025-07-16,H37,D132
P845,SURG05,4685.18,2,2025-12-13,H27,D040
P259,LAB01,130.05,3,2025-02-18,H05,D144
P1697,SURG05,4501.8,1,2025-03-05,H17,D139
P902,CONS01,442.0,3,2025-04-22,H38,D026
P690,CONS01,609.33,1,2025-12-22,H45,D095
P10,SURG05,4331.27,3,2025-07-04,H41,D098
P261,CONS01,486.38,2,2025-04-14,H12,D103
P1943,XRAY02,252.53,2,2025-08-01,H42,D193
P1674,XRAY02,325.76,1,2025-01-05,H31,D125
P172,CONS01,514.11,2,2025-04-29,H33,D002
P898,CONS01,425.27,3,2025-12-10,H43,D091
P13,XRAY02,297.48,3,2025-09-06,H29,D045
P1192,CONS01,525.96,2,2025-06-16,H38,D171
P1666,CONS01,124.33,1,2025-08-30,H03,D003
P1620,SURG05,5255.25,3,2025-10-07,H38,D162
P321,LAB01,61.76,1,2025-12-29,H41,D080
P1343,XRAY02,362.22,3,2025-08-26,H40,D193
P1637,SURG05,4862.54,1,2025-11-02,H30,D064
P329,LAB01,142.05,1,2025-07-24,H47,D135
P785,CONS01,543.04,3,2025-11-10,H22,D035
P777,CONS01,509.27,3,2025-01-01,H38,D022
P1995,SURG05,3831.9,1,2025-06-20,H32,D176
P911,CONS01,493.34,3,2025-06-16,H43,D160
P1944,MRI07,2294.26,2,2025-09-15,H10,D026
P1574,SURG05,6411.49,3,2025-03-04,H32,D120
P1443,LAB01,24.47,1,2025-09-29,H43,D006
P1630,SURG05,4051.31,3,2025-02-06,H04,D174
P1119,XRAY02,296.13,3,2025-01-16,H29,D183
P1841,SURG05,5458.5,1,2025-09-11,H45,D118
P1605,CONS01,532.95,3,2025-12-09,H08,D183
P318,CONS01,492.68,1,2025-12-12,H20,D085
P1980,MRI07,2437.44,1,2025-12-02,H47,D185
P236,MRI07,2716.81,1,2025-01-27,H07,D121
P1970,MRI07,570.8,1,2025-04-21,H01,D063
P334,LAB01,120.39,2,2025-08-21,H25,D129
P1909,MRI07,2966.27,2,2025-03-05,H26,D149
P376,LAB01,116.85,1,2025-04-07,H09,D020
P1483,MRI07,2794.66,3,2025-09-24,H23,D029
P1161,LAB01,95.99,2,2025-11-22,H40,D043
P1954,SURG05,6138.86,1,2025-08-20,H02,D173
P588,SURG05,4825.27,2,2025-02-17,H26,D065
P1571,CONS01,485.83,1,2025-12-16,H14,D131
P513,LAB01,116.03,2,2025-07-29,H44,D096
P1320,XRAY02,78.74,1,2025-03-17,H31,D020
P1344,CONS01,489.71,2,2025-09-04,H26,D081
P918,SURG05,3778.47,2,2025-11-12,H49,D037
P1596,LAB01,112.21,3,2025-03-09,H19,D038
P1856,MRI07,2937.12,2,2025-11-09,H38,D045
P1373,XRAY02,1635.01,3,2025-03-05,H05,D170
P1864,SURG05,5138.16,2,2025-07-01,H06,D046
P1803,CONS01,508.74,1,2025-03-21,H35,D060
P873,LAB01,107.92,3,2025-12-09,H16,D096
P1253,XRAY02,275.03,2,2025-07-22,H31,D013
P270,LAB01,97.59,3,2025-07-01,H18,D031
P1852,MRI07,1788.94,1,2025-08-02,H14,D124
P798,CONS01,458.72,1,2025-04-30,H25,D068
P1315,LAB01,99.14,1,2025-08-29,H15,D116
P725,SURG05,4515.4,1,2025-12-01,H26,D062
P1189,CONS01,422.78,1,2025-07-21,H36,D177
P5,SURG05,4167.11,3,2025-10-19,H11,D146
P851,LAB01,124.79,3,2025-02-23,H37,D075
P1403,CONS01,527.01,2,2025-05-25,H41,D106
P78,SURG05,4571.8,2,2025-12-22,H37,D053
P1434,MRI07,2409.17,1,2025-03-27,H07,D146
P574,MRI07,3301.68,1,2025-01-22,H18,D051
P132,LAB01,129.24,3,2025-11-27,H20,D169
P601,CONS01,618.28,1,2025-10-19,H02,D101
P1773,XRAY02,309.73,1,2025-08-24,H26,D101
P1066,CONS01,419.78,1,2025-01-29,H23,D195
P89,MRI07,2294.44,2,2025-07-02,H32,D193
P402,SURG05,4588.91,3,2025-06-09,H13,D083
P296,XRAY02,333.39,2,2025-01-18,H13,D123
P1864,LAB01,134.37,1,2025-02-07,H17,D134
P1319,XRAY02,295.17,1,2025-04-11,H25,D165
P616,LAB01,119.69,2,2025-10-17,H22,D012
P1550,XRAY02,261.82,2,2025-06-22,H27,D081
P800,LAB01,136.44,3,2025-12-09,H17,D002
P1715,LAB01,21.45,1,2025-03-08,H26,D053
P1661,XRAY02,280.46,1,2025-07-10,H38,D153
P422,XRAY02,308.55,2,2025-02-12,H14,D156
P1889,LAB01,748.72,3,2025-05-03,H14,D173
P1047,MRI07,3112.42,3,2025-10-05,H12,D037
P575,XRAY02,300.07,1,2025-12-09,H05,D145
P143,CONS01,480.15,1,2025-07-15,H37,D069
P993,SURG05,4090.49,2,2025-11-29,H04,D056
P665,LAB01,134.08,1,2025-05-05,H29,D121
P145,LAB01,93.95,2,2025-04-06,H25,D058
P1249,SURG05,3968.76,1,2025-06-06,H45,D004
P1007,MRI07,2523.58,1,2025-02-09,H04,D103
P503,SURG05,1070.24,1,2025-12-26,H16,D183
P1986,XRAY02,311.44,3,2025-06-22,H02,D049
P1998,SURG05,4657.54,1,2025-06-22,H23,D038
P821,LAB01,118.16,1,2025-04-30,H04,D045
P1640,SURG05,4031.92,3,2025-09-30,H20,D108
P104,CONS01,460.69,3,2025-12-24,H17,D158
P1971,XRAY02,344.05,1,2025-12-30,H06,D037
P1063,SURG05,3863.23,3,2025-12-12,H18,D184
P1971,LAB01,135.69,3,2025-11-15,H20,D155
P198,XRAY02,330.91,3,2025-09-18,H39,D032
P1670,LAB01,116.28,3,2025-10-08,H45,D139
P579,MRI07,20897.1,2,2025-11-25,H41,D058
P391,CONS01,553.51,1,2025-05-04,H34,D077
P1203,MRI07,2826.08,2,2025-10-05,H40,D163
P1992,CONS01,516.13,1,2025-04-03,H46,D017
P554,SURG05,5113.54,3,2025-02-04,H24,D158
P1472,XRAY02,43.53,2,2025-11-07,H18,D146
P1524,SURG05,4559.58,3,2025-05-08,H30,D030
P1039,CONS01,526.04,3,2025-01-20,H01,D090
P1647,CONS01,479.64,3,2025-09-18,H23,D119
P1693,CONS01,474.63,1,2025-06-16,H29,D016
P1313,LAB01,137.74,3,2025-11-15,H41,D075
P478,XRAY02,334.36,1,2025-08-24,H41,D182
P1255,SURG05,6063.16,1,2025-02-01,H32,D004
P923,SURG05,6125.73,3,2025-08-19,H02,D127
P420,MRI07,2438.2,1,2025-07-10,H48,D105
P157,CONS01,525.17,2,2025-11-26,H36,D143
P550,CONS01,536.83,1,2025-05-25,H45,D155
P1465,CONS01,562.31,3,2025-04-11,H17,D004
P1121,SURG05,5512.64,3,2025-03-20,H43,D163
P1021,MRI07,259.55,2,2025-06-09,H02,D085
P997,LAB01,100.16,2,2025-09-12,H04,D063
P1435,XRAY02,315.3,1,2025-10-06,H44,D100
P951,LAB01,109.12,1,2025-07-07,H34,D066
P289,SURG05,5596.88,2,2025-07-29,H01,D039
P1278,CONS01,501.93,3,2025-08-29,H23,D156
P196,XRAY02,214.67,3,2025-02-25,H06,D162
P598,SURG05,6215.51,2,2025-05-17,H16,D161
P1858,SURG05,5451.74,2,2025-04-16,H02,D178
P1546,SURG05,6451.24,3,2025-03-10,H46,D188
P517,XRAY02,303.32,3,2025-07-09,H12,D072
P1659,XRAY02,293.63,1,2025-07-11,H27,D072
P1866,MRI07,2006.77,2,2025-10-05,H19,D042
P865,MRI07,2087.03,2,2025-02-01,H28,D086
P1142,LAB01,131.78,2,2025-06-24,H35,D091
P806,XRAY02,312.54,3,2025-09-15,H43,D028
P1933,XRAY02,283.43,1,2025-05-03,H04,D155
P1183,XRAY02,295.75,3,2025-03-26,H49,D119
P815,MRI07,20668.26,2,2025-08-04,H49,D129
P228,SURG05,4717.42,2,2025-08-04,H07,D091
P1901,CONS01,419.62,2,2025-01-14,H37,D008
P216,MRI07,2689.1,2,2025-02-06,H25,D121
P948,XRAY02,272.29,2,2025-01-27,H41,D046
P1720,MRI07,2561.94,3,2025-06-01,H17,D024
P15,LAB01,103.43,1,2025-03-05,H41,D115
P1181,XRAY02,275.63,2,2025-03-11,H14,D168
P1672,LAB01,113.88,2,2025-06-03,H37,D179
P1285,XRAY02,338.71,2,2025-09-10,H02,D119
P1181,MRI07,1831.84,3,2025-09-28,H24,D024
P47,SURG05,4139.67,3,2025-01-29,H15,D022
P324,CONS01,422.49,2,2025-03-15,H48,D068
P844,LAB01,138.75,2,2025-10-11,H33,D136
P1709,MRI07,2047.14,2,2025-02-28,H12,D058
P130,SURG05,5260.36,2,2025-08-31,H19,D015
P1435,MRI07,3002.76,2,2025-11-25,H47,D008
P95,LAB01,117.3,3,2025-05-29,H05,D170
P627,CONS01,519.08,2,2025-01-10,H01,D167
P755,MRI07,3012.07,2,2025-05-12,H43,D035
P1956,XRAY02,280.91,2,2025-03-03,H09,D169
P1316,SURG05,5649.3,3,2025-09-19,H39,D048
P794,MRI07,2765.16,2,2025-08-06,H34,D096
P1835,SURG05,5780.45,3,2025-08-20,H29,D071
P1307,XRAY02,371.88,1,2025-12-02,H49,D044
P69,CONS01,576.52,3,2025-03-13,H48,D097
P1684,CONS01,460.7,2,2025-01-16,H48,D035
P11,XRAY02,333.94,3,2025-02-07,H46,D027
P1278,SURG05,5135.41,2,2025-06-26,H02,D193
P1866,MRI07,2123.7,3,2025-11-17,H19,D070
P872,XRAY02,267.01,3,2025-03-24,H28,D066
P550,LAB01,77.95,1,2025-01-17,H35,D071
P1158,SURG05,5674.19,3,2025-06-05,H40,D191
P712,CONS01,514.68,1,2025-06-21,H48,D080
P23,XRAY02,285.83,1,2025-03-11,H22,D029
P815,CONS01,466.21,3,2025-03-12,H04,D031
P346,SURG05,6431.49,3,2025-09-12,H08,D192
P302,CONS01,523.61,3,2025-05-11,H01,D181
P363,XRAY02,346.61,1,2025-02-18,H36,D068
P396,SURG05,4695.04,2,2025-01-21,H07,D025
P218,LAB01,67.16,2,2025-11-16,H25,D117
P141,XRAY02,334.16,1,2025-08-08,H29,D141
P1640,MRI07,2412.89,1,2025-07-06,H01,D081
P958,XRAY02,237.81,3,2025-02-01,H18,D168
P1234,SURG05,3496.03,3,2025-07-22,H04,D087
P985,XRAY02,323.6,2,2025-10-03,H20,D135
P993,LAB01,123.97,2,2025-08-30,H46,D160
P1647,LAB01,129.35,2,2025-01-16,H08,D024
P1640,MRI07,2345.77,3,2025-11-12,H27,D001
P828,CONS01,554.65,3,2025-06-22,H39,D111
P683,SURG05,5129.95,1,2025-05-17,H35,D047
P1484,SURG05,6040.99,3,2025-06-28,H25,D179
P1004,CONS01,451.61,2,2025-12-25,H14,D036
P356,LAB01,123.78,1,2025-03-02,H44,D155
P1008,LAB01,121.51,3,2025-04-14,H47,D198
P1348,XRAY02,269.34,2,2025-11-13,H40,D042
P1157,MRI07,2727.45,3,2025-07-14,H31,D076
P888,MRI07,1726.25,1,2025-09-13,H05,D090
P1829,MRI07,2309.53,3,2025-03-17,H17,D089
P1864,XRAY02,312.53,2,2025-09-28,H10,D068
P127,MRI07,1997.86,1,2025-06-30,H43,D070
P1130,CONS01,498.67,2,2025-05-12,H16,D110
P1009,XRAY02,341.89,1,2025-05-31,H48,D126
P604,CONS01,501.94,3,2025-06-04,H04,D141
P1823,XRAY02,299.33,3,2025-12-25,H05,D153
P1402,MRI07,2827.61,2,2025-08-23,H42,D095
P1929,CONS01,438.46,3,2025-09-05,H46,D022
P1014,CONS01,417.27,1,2025-06-14,H41,D021
P51,CONS01,527.9,3,2025-07-24,H20,D143
P1053,XRAY02,322.61,3,2025-06-14,H06,D195
P1486,SURG05,5051.81,3,2025-08-01,H11,D165
P1320,MRI07,3433.79,3,2025-09-11,H17,D045
P1321,CONS01,427.59,3,2025-06-06,H41,D154
P1750,SURG05,4063.01,3,2025-06-26,H03,D111
P779,MRI07,2187.76,3,2025-03-16,H16,D183
P1431,MRI07,3089.71,3,2025-06-27,H36,D178
P1793,CONS01,533.38,2,2025-10-11,H26,D163
P814,CONS01,603.68,2,2025-11-26,H24,D169
P1637,XRAY02,262.67,3,2025-05-13,H47,D072
P1429,SURG05,4910.03,2,2025-05-05,H34,D116
P1370,SURG05,5700.32,3,2025-11-08,H20,D011
P1646,CONS01,4528.17,3,2025-11-16,H17,D088
P420,MRI07,1730.14,3,2025-05-07,H20,D136
P1206,CONS01,493.57,2,2025-12-11,H16,D054
P983,MRI07,3108.42,1,2025-08-13,H49,D129
P825,MRI07,2163.96,3,2025-01-17,H04,D020
P1025,CONS01,442.61,3,2025-12-19,H18,D100
P1855,LAB01,95.31,1,2025-11-07,H36,D034
P1974,SURG05,4000.96,2,2025-09-03,H35,D057
P567,MRI07,3017.16,1,2025-05-17,H30,D141
P371,MRI07,1638.95,3,2025-08-05,H18,D125
P936,LAB01,121.84,1,2025-07-15,H21,D182
P1935,XRAY02,355.36,3,2025-07-20,H32,D053
P661,LAB01,84.8,2,2025-07-26,H05,D052
P1455,LAB01,133.01,2,2025-01-16,H41,D134
P969,MRI07,2482.3,2,2025-01-13,H23,D036
P1333,SURG05,4906.62,3,2025-03-19,H30,D153
P1161,LAB01,104.73,2,2025-08-02,H27,D091
P202,XRAY02,252.62,1,2025-12-07,H15,D186
P1460,CONS01,527.93,2,2025-11-25,H41,D183
P313,LAB01,120.69,3,2025-04-29,H14,D095
P117,LAB01,131.72,1,2025-06-30,H21,D003
P1690,XRAY02,328.21,1,2025-11-20,H34,D028
P937,SURG05,4161.42,1,2025-11-26,H26,D122
P1827,LAB01,137.36,1,2025-12-21,H25,D196
P575,LAB01,112.68,3,2025-05-17,H45,D166
P244,SURG05,4880.56,2,2025-06-28,H31,D034
P537,XRAY02,322.53,1,2025-07-27,H48,D084
P1626,LAB01,123.5,2,2025-02-23,H06,D141
P75,SURG05,5157.69,2,2025-03-20,H48,D111
P1830,LAB01,123.75,2,2025-09-28,H04,D005
P386,CONS01,438.76,2,2025-04-28,H24,D128
P1927,MRI07,2201.4,3,2025-04-16,H42,D188
P1234,CONS01,579.87,1,2025-04-15,H31,D088
P475,LAB01,103.74,1,2025-10-30,H19,D115
P418,XRAY02,354.82,2,2025-04-28,H11,D102
P347,MRI07,3456.17,1,2025-08-17,H29,D017
P1553,CONS01,382.49,2,2025-05-28,H05,D185
P640,SURG05,3648.13,3,2025-12-20,H18,D031
P939,XRAY02,317.48,1,2025-05-30,H03,D092
P955,CONS01,540.06,2,2025-10-31,H40,D193
P876,SURG05,5089.49,1,2025-09-13,H11,D194
P763,LAB01,117.38,2,2025-03-23,H21,D161
P1203,SURG05,5420.14,1,2025-01-16,H30,D104
P1206,CONS01,383.49,3,2025-07-12,H19,D093
P664,CONS01,466.58,1,2025-07-30,H25,D132
P25,LAB01,92.09,3,2025-03-15,H35,D082
P1991,SURG05,4674.45,3,2025-10-04,H12,D055
P1204,SURG05,6207.29,2,2025-03-02,H47,D152
P710,LAB01,146.75,2,2025-01-24,H26,D160
P1525,SURG05,4849.73,1,2025-01-23,H48,D073
P1880,LAB01,141.87,3,2025-12-09,H05,D047
P1185,XRAY02,256.54,2,2025-09-15,H19,D144
P177,CONS01,427.39,3,2025-07-17,H27,D149
P285,XRAY02,228.59,3,2025-02-22,H38,D094
P63,MRI07,1568.72,3,2025-05-19,H29,D067
P1003,MRI07,3040.16,1,2025-09-28,H12,D097
P662,MRI07,2815.57,3,2025-07-20,H19,D159
P666,LAB01,104.68,3,2025-06-13,H09,D120
P156,SURG05,5258.92,1,2025-04-02,H18,D142
P1906,XRAY02,280.71,1,2025-01-23,H29,D134
P1493,XRAY02,269.61,2,2025-03-29,H03,D197
P1073,XRAY02,321.76,3,2025-07-01,H23,D157
P967,XRAY02,238.98,3,2025-12-21,H30,D183
P849,MRI07,3735.62,1,2025-10-10,H46,D037
P1108,XRAY02,249.55,1,2025-01-21,H24,D187
P1385,SURG05,5972.19,2,2025-02-18,H37,D164
P689,MRI07,2448.81,1,2025-07-09,H37,D110
P148,XRAY02,292.78,1,2025-07-24,H04,D187
P1654,LAB01,25.47,1,2025-02-13,H28,D078
P342,CONS01,542.25,1,2025-10-27,H16,D192
P476,CONS01,435.74,2,2025-05-08,H13,D171
P1087,CONS01,469.56,3,2025-07-08,H08,D118
P1725,MRI07,2743.08,3,2025-06-19,H48,D042
P1384,XRAY02,309.79,3,2025-10-06,H25,D074
P561,MRI07,3137.6,3,2025-07-20,H02,D125
P327,SURG05,2924.3,3,2025-05-05,H30,D060
P1793,LAB01,118.14,1,2025-10-19,H40,D190
P1760,LAB01,107.52,3,2025-11-07,H03,D064
P1165,CONS01,542.23,1,2025-01-16,H23,D058
P990,CONS01,496.31,3,2025-12-11,H29,D002
P215,CONS01,538.32,3,2025-10-01,H41,D078
P435,XRAY02,313.57,1,2025-10-21,H30,D071
P1915,SURG05,41406.5,3,2025-01-20,H11,D120
P952,SURG05,5487.95,1,2025-01-19,H21,D008
P723,SURG05,4693.83,2,2025-01-13,H27,D184
P1342,SURG05,5672.61,2,2025-01-17,H24,D164
P32,CONS01,460.0,2,2025-07-25,H31,D197
P670,LAB01,120.65,3,2025-01-30,H30,D013
P285,CONS01,461.23,3,2025-10-26,H01,D039
P1329,SURG05,6647.68,3,2025-10-31,H01,D102
P429,CONS01,571.66,3,2025-02-12,H08,D081
P1501,SURG05,5055.01,1,2025-04-03,H48,D006
P286,MRI07,2314.35,2,2025-03-07,H42,D019
P1168,LAB01,98.22,1,2025-04-29,H34,D153
P1448,MRI07,2235.95,2,2025-11-05,H16,D131
P1043,XRAY02,311.06,2,2025-03-13,H27,D105
P18,CONS01,441.42,1,2025-11-30,H04,D053
P769,XRAY02,327.57,1,2025-06-11,H19,D028
P590,CONS01,559.89,1,2025-11-26,H29,D154
P1395,MRI07,2937.9,2,2025-11-24,H41,D047
P1199,SURG05,4427.48,1,2025-09-26,H03,D136
P1010,SURG05,5765.94,3,2025-08-06,H11,D057
P194,CONS01,508.95,1,2025-09-11,H08,D055
P502,SURG05,5727.13,2,2025-02-28,H39,D079
P988,MRI07,2996.34,2,2025-02-01,H33,D001
P1137,SURG05,5845.79,1,2025-12-05,H08,D168
P114,MRI07,2301.46,1,2025-04-30,H25,D023
P1246,XRAY02,361.77,2,2025-11-06,H24,D182
P1702,MRI07,2170.52,2,2025-01-02,H26,D042
P947,LAB01,96.68,1,2025-04-28,H26,D178
P831,LAB01,117.06,3,2025-02-06,H17,D004
P1668,LAB01,102.82,3,2025-04-07,H27,D008
P1921,CONS01,525.8,3,2025-12-25,H29,D164
P1288,CONS01,473.74,2,2025-09-14,H43,D010
P925,CONS01,524.96,3,2025-05-08,H39,D116
P55,MRI07,2330.3,3,2025-12-25,H09,D158
P1895,CONS01,524.88,1,2025-06-05,H14,D100
P1667,XRAY02,328.15,1,2025-05-25,H05,D016
P800,LAB01,110.37,3,2025-02-26,H30,D158
P778,MRI07,2846.32,2,2025-03-11,H28,D064
P1482,LAB01,81.86,3,2025-02-13,H45,D108
P1902,CONS01,415.34,1,2025-07-31,H37,D121
P162,MRI07,2337.62,1,2025-06-24,H08,D139
P1404,SURG05,5069.77,1,2025-05-21,H15,D162
P87,XRAY02,292.78,3,2025-03-17,H28,D055
P55,CONS01,529.08,2,2025-06-07,H36,D083
P1500,CONS01,505.17,3,2025-03-26,H33,D004
P1824,XRAY02,305.73,1,2025-11-18,H06,D177
P1202,XRAY02,273.18,1,2025-11-05,H12,D044
P1415,SURG05,5692.21,1,2025-01-18,H07,D159
P1373,CONS01,490.79,1,2025-10-11,H45,D048
P1032,CONS01,593.08,3,2025-02-11,H28,D099
P833,LAB01,146.64,3,2025-05-14,H07,D098
P313,MRI07,2737.78,2,2025-04-12,H41,D026
P759,MRI07,2313.76,1,2025-05-17,H01,D103
P1859,LAB01,155.35,3,2025-08-10,H24,D198
P443,MRI07,2159.89,3,2025-08-17,H45,D097
P1791,XRAY02,283.07,1,2025-10-21,H19,D012
P328,MRI07,2494.04,3,2025-11-02,H32,D045
P1078,MRI07,2397.43,1,2025-11-12,H30,D136
P761,LAB01,160.09,2,2025-04-29,H01,D009
P1263,SURG05,4356.02,1,2025-04-09,H32,D001
P1253,MRI07,2143.02,1,2025-12-16,H20,D133
P579,MRI07,2454.17,3,2025-11-20,H21,D071
P1075,SURG05,3900.58,2,2025-06-08,H19,D054
P1633,LAB01,64.02,2,2025-08-27,H30,D104
P1628,SURG05,5858.12,3,2025-11-16,H28,D152
P1007,LAB01,145.24,2,2025-12-01,H32,D154
P1288,XRAY02,320.22,2,2025-07-08,H30,D010
P1442,LAB01,117.83,1,2025-11-05,H23,D189
P1827,XRAY02,287.51,3,2025-09-06,H27,D040
P96,XRAY02,291.45,2,2025-01-26,H37,D044
P1112,LAB01,132.0,2,2025-07-08,H26,D112
P1102,CONS01,517.34,2,2025-05-20,H03,D012
P1312,LAB01,89.23,1,2025-06-30,H31,D022
P1144,MRI07,2700.72,1,2025-01-21,H02,D155
P814,MRI07,2023.65,3,2025-06-12,H10,D195
P491,CONS01,473.19,3,2025-03-12,H38,D082
P1936,XRAY02,222.84,1,2025-03-23,H19,D197
P452,CONS01,472.92,3,2025-06-04,H31,D142
P1524,MRI07,3344.6,3,2025-11-12,H29,D153
P165,CONS01,506.25,3,2025-12-21,H25,D052
P182,LAB01,78.99,1,2025-02-16,H32,D112
P469,CONS01,449.04,1,2025-07-13,H17,D118
P910,XRAY02,325.19,2,2025-08-12,H45,D059
P735,LAB01,126.59,2,2025-08-25,H49,D038
P823,SURG05,4522.85,2,2025-10-07,H23,D020
P944,MRI07,2110.09,2,2025-01-10,H18,D078
P7,MRI07,2079.87,3,2025-06-01,H11,D020
P330,CONS01,480.06,3,2025-12-10,H20,D184
P775,LAB01,124.52,1,2025-04-14,H13,D101
P1697,SURG05,5180.64,3,2025-05-04,H24,D110
P151,LAB01,101.13,3,2025-07-04,H43,D030
P1109,MRI07,9901.26,3,2025-10-17,H20,D107
P147,LAB01,147.66,2,2025-02-10,H42,D041
P1648,SURG05,5181.17,1,2025-01-11,H28,D084
P1405,CONS01,571.34,2,2025-08-06,H35,D071
P915,XRAY02,236.84,3,2025-01-01,H21,D063
P1572,LAB01,113.01,3,2025-06-20,H06,D197
P1309,XRAY02,342.16,1,2025-12-04,H07,D095
P700,MRI07,2303.82,2,2025-10-09,H29,D029
P82,CONS01,528.24,3,2025-02-22,H23,D077
P514,CONS01,553.09,1,2025-05-05,H05,D172
P1921,LAB01,81.86,3,2025-06-24,H22,D079
P815,CONS01,570.53,3,2025-09-22,H09,D083
P709,LAB01,107.46,1,2025-09-22,H32,D057
P1940,LAB01,935.24,1,2025-07-18,H10,D152
P1547,XRAY02,363.65,3,2025-09-13,H46,D147
P746,CONS01,479.31,1,2025-06-21,H43,D017
P1023,LAB01,118.34,3,2025-02-28,H49,D112
P1410,XRAY02,269.65,2,2025-04-16,H28,D197
P707,SURG05,5069.79,3,2025-05-05,H11,D189
P471,XRAY02,346.53,1,2025-01-16,H07,D132
P1143,XRAY02,338.07,2,2025-02-07,H30,D150
P396,LAB01,149.15,1,2025-08-31,H43,D006
P1556,MRI07,2564.62,3,2025-07-29,H45,D158
P261,MRI07,2233.78,1,2025-11-11,H38,D093
P805,MRI07,2810.62,3,2025-10-12,H34,D075
P934,XRAY02,273.49,1,2025-06-17,H46,D139
P1280,LAB01,103.43,1,2025-09-21,H28,D048
P1758,CONS01,560.82,3,2025-04-08,H32,D046
P905,XRAY02,259.5,2,2025-05-14,H16,D155
P1250,XRAY02,303.77,3,2025-12-31,H39,D147
P1077,LAB01,82.15,2,2025-06-30,H01,D086
P940,SURG05,39356.09,2,2025-08-10,H34,D092
P1891,XRAY02,297.25,2,2025-12-30,H41,D059
P1524,SURG05,4880.23,2,2025-05-29,H23,D124
P1530,SURG05,4519.33,3,2025-09-01,H20,D196
P854,MRI07,2211.52,3,2025-11-09,H18,D182
P1388,LAB01,149.54,2,2025-03-17,H18,D083
P1304,SURG05,5565.63,2,2025-09-19,H42,D145
P593,LAB01,112.49,2,2025-08-19,H40,D050
P714,MRI07,2371.54,2,2025-07-10,H21,D168
P1182,LAB01,125.78,2,2025-05-14,H08,D100
P632,XRAY02,320.35,2,2025-11-05,H34,D087
P59,SURG05,3884.91,1,2025-09-09,H11,D114
P1751,LAB01,17.1,2,2025-09-02,H43,D139
P128,CONS01,475.65,1,2025-09-22,H43,D122
P736,LAB01,101.15,3,2025-11-21,H10,D014
P721,SURG05,6332.2,3,2025-11-26,H08,D013
P1906,MRI07,1746.36,2,2025-12-09,H47,D088
P1139,MRI07,2256.55,3,2025-01-04,H08,D080
P1233,SURG05,5721.78,3,2025-02-06,H19,D156
P526,XRAY02,349.91,2,2025-03-12,H01,D172
P521,XRAY02,303.25,3,2025-09-19,H03,D063
P552,MRI07,2279.62,3,2025-08-25,H44,D103
P1986,MRI07,2781.72,2,2025-11-03,H32,D106
P237,SURG05,4562.54,2,2025-12-21,H48,D189
P1305,XRAY02,236.08,2,2025-06-27,H16,D017
P1383,MRI07,2307.94,1,2025-04-06,H30,D050
P1225,XRAY02,271.5,2,2025-08-15,H49,D154
P1782,MRI07,3053.85,3,2025-01-11,H28,D135
P1302,LAB01,94.13,2,2025-09-23,H28,D123
P1259,CONS01,437.5,1,2025-07-08,H16,D079
P494,LAB01,459.68,3,2025-07-28,H41,D016
P4,MRI07,15046.8,1,2025-01-13,H33,D017
P666,CONS01,538.56,3,2025-06-11,H25,D090
P442,CONS01,476.76,2,2025-03-01,H18,D163
P29,MRI07,2588.51,1,2025-01-05,H26,D084
P1133,MRI07,2684.81,2,2025-07-21,H06,D084
P610,XRAY02,349.36,3,2025-01-12,H38,D151
P1751,MRI07,2122.94,2,2025-12-07,H44,D197
P805,SURG05,4703.21,2,2025-08-28,H03,D009
P75,MRI07,2849.78,3,2025-08-13,H43,D018
P838,SURG05,5180.6,1,2025-07-01,H06,D075
P1170,MRI07,1458.26,3,2025-10-24,H14,D176
P128,XRAY02,245.4,3,2025-10-31,H18,D072
P1877,SURG05,5293.17,2,2025-11-03,H16,D091
P42,LAB01,98.21,3,2025-06-27,H24,D066
P1380,SURG05,4406.98,1,2025-04-28,H13,D023
P41,XRAY02,318.57,3,2025-12-18,H01,D138
P934,SURG05,5979.42,3,2025-03-17,H38,D038
P34,MRI07,3253.21,2,2025-02-15,H14,D128
P1041,MRI07,2368.82,1,2025-08-15,H17,D059
P1701,XRAY02,328.96,2,2025-12-22,H13,D068
P1177,CONS01,542.63,2,2025-10-21,H13,D085
P998,MRI07,2206.44,1,2025-08-28,H09,D119
P1402,LAB01,132.51,1,2025-12-14,H06,D171
P588,XRAY02,321.76,3,2025-05-21,H06,D012
P1623,SURG05,5363.3,1,2025-07-23,H30,D112
P1653,SURG05,5366.55,2,2025-05-30,H37,D116
P1898,LAB01,144.79,1,2025-05-10,H46,D181
P342,MRI07,12342.6,1,2025-12-15,H14,D142
P27,XRAY02,291.36,1,2025-11-29,H04,D052
P1849,LAB01,107.96,2,2025-09-26,H34,D084
P1311,MRI07,2348.11,3,2025-11-09,H02,D111
P646,XRAY02,248.97,3,2025-05-17,H17,D061
P731,SURG05,5186.2,2,2025-04-26,H42,D169
P168,XRAY02,353.73,3,2025-12-17,H14,D021
P610,CONS01,438.54,3,2025-06-10,H17,D176
P268,XRAY02,381.54,2,2025-06-04,H30,D056
P1773,CONS01,554.86,2,2025-06-22,H43,D035
P821,XRAY02,319.04,3,2025-05-10,H29,D044
P455,CONS01,470.08,1,2025-03-20,H07,D039
P906,SURG05,4388.38,3,2025-02-26,H09,D143
P1709,MRI07,2464.55,1,2025-12-17,H46,D140
P1425,CONS01,560.14,2,2025-02-26,H23,D117
P922,CONS01,434.22,1,2025-12-29,H36,D008
P981,SURG05,5008.33,1,2025-12-01,H14,D124
P1500,CONS01,536.71,1,2025-05-14,H20,D101
P702,LAB01,138.59,2,2025-01-14,H17,D067
P634,SURG05,5905.42,3,2025-10-10,H32,D094
P1582,LAB01,121.34,3,2025-10-21,H25,D093
P1600,SURG05,3433.07,1,2025-05-27,H30,D129
P130,CONS01,528.91,3,2025-05-07,H49,D080
P1020,LAB01,114.2,2,2025-09-17,H27,D042
P1846,CONS01,464.63,2,2025-11-10,H27,D031
P1387,SURG05,3662.27,2,2025-08-06,H46,D122
P1729,CONS01,488.52,2,2025-08-21,H31,D074
P819,LAB01,107.36,3,2025-06-17,H45,D158
P693,LAB01,109.46,1,2025-05-23,H26,D043
P1316,CONS01,504.57,1,2025-09-17,H14,D026
P1395,XRAY02,283.75,1,2025-08-06,H48,D012
P794,SURG05,4339.64,2,2025-11-04,H21,D127
P29,SURG05,5313.46,3,2025-05-26,H28,D104
P149,CONS01,510.15,3,2025-04-09,H15,D187
P1803,XRAY02,69.04,3,2025-07-01,H30,D069
P1320,LAB01,105.47,3,2025-06-18,H25,D073
P11,MRI07,2866.99,3,2025-08-21,H11,D011
P1536,MRI07,1590.93,3,2025-04-03,H44,D047
P676,CONS01,481.06,1,2025-04-27,H11,D023
P1137,XRAY02,238.19,2,2025-01-04,H28,D081
P187,XRAY02,323.67,1,2025-03-26,H05,D171
P807,SURG05,5929.37,3,2025-06-16,H28,D077
P744,LAB01,121.77,2,2025-01-07,H08,D123
P1251,XRAY02,304.31,2,2025-08-20,H26,D167
P1334,MRI07,1905.27,2,2025-09-08,H06,D073
P98,LAB01,132.27,2,2025-03-26,H32,D055
P55,LAB01,147.27,3,2025-11-15,H48,D018
P623,CONS01,523.82,3,2025-07-12,H32,D094
P664,XRAY02,290.92,2,2025-05-03,H12,D170
P758,CONS01,545.97,3,2025-03-30,H06,D154
P406,XRAY02,298.54,2,2025-04-05,H13,D018
P69,SURG05,6522.99,3,2025-10-27,H39,D128
P1336,CONS01,467.73,2,2025-12-24,H40,D041
P1313,CONS01,449.57,3,2025-02-14,H44,D170
P1786,MRI07,2640.48,1,2025-09-10,H34,D033
P1572,CONS01,499.1,1,2025-02-20,H23,D043
P751,XRAY02,372.37,3,2025-03-06,H41,D014
P1172,MRI07,689.9,3,2025-02-23,H45,D183
P1491,CONS01,458.83,1,2025-08-10,H17,D058
P1763,CONS01,485.19,3,2025-03-13,H45,D138
P1268,SURG05,4981.54,2,2025-06-17,H48,D028
P1515,CONS01,492.73,3,2025-07-05,H01,D014
P1873,LAB01,114.48,3,2025-05-23,H07,D154
P958,MRI07,2293.44,1,2025-01-19,H13,D074
P1531,LAB01,122.83,1,2025-01-10,H14,D145
P365,MRI07,2953.51,3,2025-09-29,H17,D162
P482,SURG05,5413.4,2,2025-06-20,H30,D014
P201,CONS01,548.75,3,2025-12-30,H48,D154
P154,CONS01,478.86,2,2025-01-16,H47,D162
P1474,CONS01,509.68,2,2025-03-21,H49,D024
P1525,MRI07,2221.16,3,2025-10-11,H34,D104
P73,CONS01,4706.52,2,2025-07-09,H27,D070
P713,LAB01,125.18,1,2025-05-28,H25,D020
P296,CONS01,424.53,2,2025-06-12,H44,D167
P1041,SURG05,4691.77,2,2025-09-22,H35,D121
P1665,LAB01,71.05,2,2025-12-26,H09,D173
P1241,CONS01,482.78,1,2025-05-18,H06,D034
P61,CONS01,571.43,1,2025-10-28,H26,D150
P939,XRAY02,299.8,3,2025-12-31,H38,D071
P1640,MRI07,2088.71,2,2025-01-30,H39,D033
P42,LAB01,149.48,1,2025-10-31,H27,D006
P25,XRAY02,282.33,2,2025-06-17,H40,D016
P1063,SURG05,5071.79,2,2025-04-01,H31,D109
P1827,MRI07,2798.17,3,2025-04-01,H03,D023
P131,LAB01,139.13,2,2025-07-30,H24,D146
P1522,CONS01,59.15,1,2025-11-26,H15,D014
P1253,LAB01,149.59,3,2025-10-27,H06,D050
P108,CONS01,483.61,3,2025-06-23,H11,D061
P172,MRI07,2483.67,2,2025-05-14,H30,D036
P1459,CONS01,521.88,2,2025-01-24,H35,D015
P1502,SURG05,6550.08,1,2025-07-20,H48,D005
P102,CONS01,470.23,2,2025-08-07,H38,D053
P866,SURG05,5304.94,1,2025-01-07,H43,D048
P524,MRI07,2634.07,2,2025-01-06,H40,D011
P275,MRI07,1659.81,1,2025-04-28,H29,D002
P1637,LAB01,127.74,2,2025-06-10,H23,D087
P1068,SURG05,3501.3,3,2025-03-26,H42,D024
P1979,SURG05,6413.16,1,2025-09-05,H42,D068
P817,XRAY02,329.17,3,2025-06-15,H03,D079
P957,XRAY02,233.88,3,2025-05-25,H26,D012
P1041,XRAY02,318.78,3,2025-01-31,H14,D187
P330,CONS01,522.67,3,2025-08-08,H19,D067
P1593,XRAY02,329.79,1,2025-05-13,H21,D160
P1847,SURG05,5295.0,2,2025-03-05,H21,D036
P1521,CONS01,508.5,3,2025-03-17,H09,D149
P1839,MRI07,1674.28,2,2025-05-11,H13,D112
P12,LAB01,160.41,1,2025-11-08,H41,D198
P1342,XRAY02,315.57,2,2025-11-15,H44,D194
P1616,MRI07,2960.08,1,2025-12-27,H46,D122
P216,SURG05,4778.26,2,2025-02-07,H37,D137
P339,LAB01,119.13,1,2025-02-23,H38,D044
P1800,MRI07,2594.75,1,2025-05-10,H45,D059
P661,LAB01,119.02,2,2025-08-06,H45,D152
P1105,XRAY02,301.3,3,2025-01-02,H24,D127
P1751,SURG05,4125.5,3,2025-09-03,H38,D063
P1509,LAB01,125.12,2,2025-05-20,H46,D041
P374,MRI07,1924.64,3,2025-10-23,H11,D076
P976,XRAY02,1868.2,3,2025-09-15,H29,D107
P710,XRAY02,399.61,1,2025-04-15,H45,D130
P1224,MRI07,1908.48,2,2025-12-02,H44,D095
P1561,MRI07,2154.93,3,2025-07-04,H48,D028
P466,LAB01,115.28,3,2025-10-30,H38,D144
P1113,CONS01,527.98,3,2025-09-01,H41,D059
P1292,XRAY02,346.41,2,2025-06-13,H17,D129
P1679,LAB01,85.6,3,2025-05-12,H48,D086
P1595,MRI07,3038.72,3,2025-07-22,H26,D001
P1946,LAB01,90.99,3,2025-07-29,H26,D031
P489,MRI07,2383.92,1,2025-12-13,H12,D022
P1901,SURG05,5401.55,2,2025-04-11,H18,D187
P1562,MRI07,3468.87,3,2025-09-28,H09,D119
P47,MRI07,2465.35,1,2025-02-18,H03,D028
P1312,MRI07,2159.92,2,2025-08-27,H10,D116
P778,CONS01,493.97,1,2025-08-03,H43,D076
P1040,MRI07,2485.5,1,2025-10-18,H02,D027
P711,XRAY02,60.41,2,2025-12-16,H08,D087
P401,XRAY02,229.48,3,2025-10-07,H43,D129
P1943,LAB01,136.33,3,2025-11-12,H18,D124
P1818,CONS01,511.63,1,2025-03-18,H39,D107
P981,LAB01,104.4,2,2025-10-31,H31,D130
P1110,XRAY02,345.27,2,2025-05-31,H14,D095
P250,XRAY02,317.84,3,2025-10-24,H39,D066
P391,SURG05,4102.64,1,2025-06-06,H33,D177
P1806,MRI07,1953.47,3,2025-07-17,H29,D019
P335,XRAY02,234.22,2,2025-10-14,H44,D156
P629,LAB01,115.81,2,2025-01-24,H33,D198
P1543,LAB01,91.79,3,2025-01-09,H35,D167
P137,MRI07,2113.2,3,2025-05-12,H02,D019
P883,MRI07,2914.53,2,2025-03-18,H35,D127
P688,SURG05,5226.36,1,2025-08-14,H32,D116
P1864,CONS01,485.05,2,2025-05-11,H36,D064
P1522,LAB01,130.42,1,2025-03-31,H46,D058
P827,MRI07,2131.98,3,2025-04-27,H23,D017
P727,LAB01,97.0,3,2025-04-20,H05,D198
P1501,MRI07,1500.03,1,2025-12-20,H47,D079
P594,XRAY02,354.16,2,2025-09-28,H16,D041
P1247,LAB01,143.63,2,2025-08-15,H40,D005
P990,XRAY02,69.93,1,2025-09-01,H24,D023
P372,LAB01,122.51,1,2025-11-04,H40,D197
P935,CONS01,465.23,1,2025-02-24,H28,D126
P995,SURG05,3664.29,1,2025-02-06,H25,D010
P402,XRAY02,284.41,2,2025-02-24,H07,D068
P1467,MRI07,2487.84,3,2025-01-12,H38,D140
P1514,CONS01,449.28,2,2025-07-04,H07,D111
P615,LAB01,121.34,1,2025-08-25,H22,D138
P1297,XRAY02,344.33,2,2025-10-20,H22,D060
P1550,LAB01,156.83,1,2025-07-23,H27,D127
P1183,LAB01,107.35,1,2025-07-30,H33,D030
P1176,LAB01,147.54,1,2025-08-14,H45,D114
P995,SURG05,5522.77,1,2025-01-07,H32,D152
P620,SURG05,5890.63,2,2025-08-08,H39,D069
P188,MRI07,2800.01,1,2025-11-07,H32,D013
P1837,XRAY02,380.39,2,2025-01-28,H01,D009
P1122,CONS01,437.49,2,2025-10-20,H10,D146
P131,CONS01,500.69,3,2025-07-31,H45,D163
P805,CONS01,456.29,2,2025-07-08,H04,D132
P1195,LAB01,123.11,3,2025-03-16,H29,D169
P936,SURG05,5859.12,3,2025-08-30,H07,D026
P986,XRAY02,285.09,3,2025-04-24,H38,D125
P183,LAB01,148.61,2,2025-06-16,H06,D044
P983,SURG05,5835.17,3,2025-04-16,H11,D170
P364,SURG05,4950.68,1,2025-05-31,H09,D010
P39,XRAY02,236.59,2,2025-03-25,H30,D105
P1551,XRAY02,296.42,1,2025-07-31,H22,D106
P1912,XRAY02,393.95,2,2025-09-24,H39,D001
P497,LAB01,133.29,3,2025-11-18,H09,D182
P1540,MRI07,2803.25,3,2025-09-26,H38,D144
P1373,XRAY02,224.14,2,2025-06-26,H46,D046
P982,MRI07,3124.73,3,2025-09-28,H33,D141
P921,LAB01,168.01,1,2025-11-08,H26,D064
P1421,MRI07,2868.35,1,2025-07-01,H16,D078
P722,CONS01,485.08,3,2025-06-08,H09,D087
P1185,MRI07,2340.62,2,2025-07-08,H23,D183
P16,XRAY02,351.98,2,2025-07-05,H15,D063
P493,LAB01,121.75,1,2025-11-05,H19,D146
P1450,XRAY02,334.79,3,2025-09-03,H42,D061
P1132,CONS01,567.28,3,2025-11-13,H16,D092
P894,XRAY02,265.34,1,2025-02-11,H25,D123
P1474,XRAY02,2158.51,2,2025-10-12,H35,D020
P311,XRAY02,293.1,3,2025-10-27,H13,D193
P739,SURG05,5525.51,2,2025-12-28,H46,D064
P1194,CONS01,406.92,2,2025-10-21,H07,D076
P546,XRAY02,285.56,1,2025-06-30,H34,D192
P414,XRAY02,285.15,2,2025-12-31,H14,D107
P251,XRAY02,321.53,1,2025-07-01,H23,D141
P759,LAB01,154.07,3,2025-12-06,H23,D196
P1805,SURG05,5623.95,2,2025-08-06,H17,D198
P1165,LAB01,98.05,1,2025-06-12,H13,D057
P1298,SURG05,5204.19,1,2025-02-15,H27,D045
P1440,XRAY02,343.73,2,2025-04-02,H02,D120
P1632,CONS01,4796.56,1,2025-04-15,H37,D086
P1763,MRI07,1674.12,3,2025-07-26,H30,D038
P1915,MRI07,2517.18,2,2025-11-24,H04,D182
P1063,XRAY02,292.93,3,2025-05-19,H30,D164
P814,LAB01,140.49,1,2025-01-29,H03,D067
P29,CONS01,497.07,3,2025-09-08,H14,D121
P958,SURG05,4011.55,1,2025-07-10,H11,D126
P477,XRAY02,217.39,1,2025-02-16,H40,D011
P318,CONS01,550.41,3,2025-09-08,H23,D098
P245,CONS01,463.17,2,2025-09-20,H41,D155
P748,SURG05,5373.09,2,2025-03-05,H48,D087
P697,CONS01,478.05,2,2025-12-04,H32,D145
P272,LAB01,113.46,3,2025-11-16,H03,D122
P1464,LAB01,106.07,3,2025-12-14,H42,D098
P1772,LAB01,92.69,3,2025-09-25,H01,D033
P1263,CONS01,460.84,3,2025-01-12,H09,D133
P377,LAB01,133.78,2,2025-10-19,H48,D123
P266,SURG05,5026.33,2,2025-01-29,H09,D081
P926,CONS01,513.39,1,2025-05-19,H12,D062
P921,MRI07,2201.16,3,2025-03-26,H01,D065
P1383,CONS01,479.32,2,2025-03-15,H16,D199
P340,SURG05,4579.6,2,2025-09-08,H30,D125
P389,MRI07,2656.4,2,2025-08-12,H08,D195
P577,CONS01,4271.88,2,2025-02-16,H46,D090
P1713,LAB01,107.12,2,2025-03-22,H46,D044
P3,XRAY02,298.65,2,2025-05-01,H10,D121
P1453,XRAY02,342.72,3,2025-02-12,H33,D142
P1166,LAB01,92.09,1,2025-05-26,H38,D091
P376,XRAY02,301.55,1,2025-03-15,H41,D057
P1694,XRAY02,272.56,3,2025-02-22,H22,D048
P324,LAB01,97.1,2,2025-08-21,H16,D145
P146,LAB01,786.19,3,2025-10-22,H19,D044
P1982,CONS01,519.75,2,2025-12-29,H11,D132
P293,CONS01,465.78,2,2025-07-19,H11,D081
P1689,LAB01,97.92,2,2025-06-11,H14,D097
P432,SURG05,6480.49,2,2025-02-06,H39,D030
P705,XRAY02,323.86,2,2025-04-07,H26,D121
P949,CONS01,581.04,3,2025-02-18,H44,D085
P1999,XRAY02,319.42,3,2025-01-10,H20,D183
P585,MRI07,3262.3,1,2025-02-09,H20,D158
P399,LAB01,127.35,2,2025-06-02,H05,D146
P817,SURG05,4268.54,3,2025-04-16,H01,D084
P1913,MRI07,2518.46,3,2025-02-10,H11,D098
P1368,MRI07,21707.52,2,2025-06-13,H47,D092
P964,MRI07,2818.18,2,2025-09-15,H10,D073
P1164,LAB01,136.94,3,2025-07-30,H47,D172
P187,CONS01,560.4,2,2025-07-21,H28,D190
P1829,LAB01,144.52,3,2025-07-14,H45,D031
P61,CONS01,453.84,1,2025-02-22,H47,D109
P939,MRI07,3027.72,2,2025-05-27,H34,D016
P1404,MRI07,2067.65,1,2025-10-09,H13,D095
P710,SURG05,4124.91,1,2025-11-06,H44,D077
P807,CONS01,588.97,1,2025-08-31,H25,D151
P1464,MRI07,3181.52,2,2025-02-20,H23,D142
P1343,XRAY02,278.19,1,2025-04-24,H36,D002
P1326,SURG05,4556.87,3,2025-09-30,H12,D140
P1368,LAB01,111.18,3,2025-04-30,H47,D186
P11,SURG05,4708.06,2,2025-07-08,H45,D128
P1086,XRAY02,362.62,2,2025-02-15,H02,D092
P1869,CONS01,454.82,1,2025-08-31,H20,D184
P226,LAB01,124.29,2,2025-11-07,H16,D024
P1177,LAB01,158.87,3,2025-02-19,H14,D037
P1735,CONS01,489.04,3,2025-11-27,H02,D029
P564,SURG05,7015.62,3,2025-01-11,H49,D042
P772,MRI07,2116.08,2,2025-02-17,H16,D018
P1595,SURG05,3834.23,3,2025-02-25,H04,D131
P1608,XRAY02,260.34,2,2025-01-08,H43,D013
P1684,MRI07,1211.03,1,2025-01-14,H13,D106
P1885,SURG05,5246.7,3,2025-08-03,H38,D157
P1599,CONS01,443.25,1,2025-09-02,H49,D194
P1334,XRAY02,365.87,3,2025-02-23,H01,D059
P885,XRAY02,292.87,3,2025-09-30,H09,D092
P1267,XRAY02,307.01,3,2025-05-11,H21,D176
P1517,MRI07,1248.62,1,2025-01-09,H18,D004
P1390,LAB01,119.38,3,2025-07-31,H43,D051
P1354,MRI07,2560.27,1,2025-05-02,H32,D133
P1131,SURG05,3966.4,2,2025-04-24,H46,D167
P226,LAB01,130.28,3,2025-01-20,H34,D041
P825,SURG05,5305.85,3,2025-12-05,H20,D005
P218,LAB01,110.84,1,2025-01-21,H43,D136
P937,MRI07,1925.45,3,2025-07-27,H02,D184
P753,XRAY02,375.75,2,2025-02-02,H04,D153
P506,CONS01,507.51,3,2025-05-13,H45,D091
P259,XRAY02,302.46,2,2025-07-10,H38,D180
P1912,MRI07,2705.87,2,2025-01-26,H07,D052
P1798,LAB01,114.53,3,2025-12-30,H22,D135
P1541,XRAY02,323.36,3,2025-03-30,H20,D189
P1797,MRI07,2527.34,2,2025-04-02,H35,D047
P54,SURG05,4461.49,2,2025-02-02,H04,D127
P1071,CONS01,656.58,2,2025-08-26,H20,D082
P727,XRAY02,285.92,3,2025-01-18,H35,D066
P689,LAB01,102.89,1,2025-10-01,H33,D187
P1545,SURG05,4479.41,3,2025-10-16,H21,D133
P1123,MRI07,2322.71,1,2025-01-27,H45,D172
P1044,CONS01,476.36,1,2025-11-01,H14,D170
P1914,LAB01,127.38,3,2025-04-18,H31,D061
P1777,MRI07,2618.08,1,2025-08-14,H22,D191
P1597,MRI07,3368.22,2,2025-11-20,H48,D050
P1915,XRAY02,303.62,3,2025-12-21,H30,D166
P1514,XRAY02,272.11,1,2025-01-19,H29,D182
P419,LAB01,172.03,2,2025-08-11,H36,D172
P690,MRI07,3154.85,1,2025-10-08,H49,D152
P850,XRAY02,256.72,1,2025-04-14,H42,D128
P62,CONS01,447.66,2,2025-11-28,H29,D063
P1169,CONS01,492.21,2,2025-11-28,H07,D167
P216,MRI07,2356.03,3,2025-12-28,H32,D140
P3,XRAY02,218.71,1,2025-10-16,H13,D191
P160,LAB01,148.32,3,2025-02-06,H13,D103
P1763,LAB01,84.76,3,2025-12-14,H14,D009
P781,LAB01,84.68,1,2025-09-01,H06,D079
P1144,CONS01,439.02,1,2025-02-12,H16,D087
P893,XRAY02,249.66,3,2025-05-06,H41,D109
P1113,XRAY02,321.76,2,2025-01-09,H48,D022
P329,CONS01,485.25,3,2025-01-14,H21,D036
P580,LAB01,95.65,1,2025-05-11,H44,D074
P1934,LAB01,143.7,2,2025-11-21,H16,D156
P1381,MRI07,3209.63,3,2025-07-03,H05,D056
P1634,SURG05,4580.75,1,2025-10-09,H24,D099
P1291,XRAY02,323.42,2,2025-02-22,H43,D157
P1641,XRAY02,209.66,2,2025-02-10,H01,D005
P952,XRAY02,353.79,2,2025-12-04,H10,D004
P1347,SURG05,5740.2,1,2025-12-24,H43,D179
P635,MRI07,1776.94,3,2025-01-21,H47,D015
P988,SURG05,26374.72,1,2025-10-22,H35,D188
P1565,LAB01,152.88,1,2025-07-27,H31,D026
P1673,LAB01,125.22,2,2025-05-31,H15,D023
P1219,XRAY02,356.98,3,2025-03-10,H11,D125
P921,CONS01,568.06,2,2025-11-27,H09,D103
P738,XRAY02,240.37,1,2025-11-14,H02,D029
P1356,CONS01,514.63,2,2025-10-28,H44,D086
P170,SURG05,5457.57,1,2025-01-27,H30,D057
P521,LAB01,114.95,1,2025-04-26,H16,D062
P1487,CONS01,490.49,1,2025-05-22,H48,D187
P40,SURG05,3959.76,2,2025-02-10,H01,D048
P1561,LAB01,126.28,3,2025-04-16,H48,D111
P1285,CONS01,2591.62,2,2025-03-15,H06,D035
P1419,XRAY02,320.42,1,2025-03-01,H46,D046
P955,XRAY02,366.16,2,2025-10-25,H11,D033
P1250,XRAY02,319.89,1,2025-05-02,H33,D071
P984,SURG05,4138.73,3,2025-07-22,H17,D010
P1148,XRAY02,317.62,3,2025-01-11,H34,D176
P975,MRI07,2531.68,1,2025-05-27,H46,D044
P38,LAB01,126.59,3,2025-08-04,H40,D126
P328,SURG05,4264.85,1,2025-11-17,H25,D114
P1275,XRAY02,279.89,2,2025-10-30,H22,D198
P1925,LAB01,122.98,2,2025-01-14,H26,D123
P1200,CONS01,557.76,3,2025-03-08,H27,D063
P1626,XRAY02,292.58,3,2025-06-29,H38,D049
P914,LAB01,140.8,1,2025-12-31,H09,D085
P454,MRI07,2146.4,3,2025-08-30,H37,D041
P37,CONS01,634.1,3,2025-06-09,H05,D098
P1340,MRI07,2169.77,3,2025-01-10,H18,D039
P1712,LAB01,109.72,1,2025-05-04,H22,D107
P973,MRI07,2761.84,2,2025-09-30,H46,D151
P796,LAB01,128.57,1,2025-08-29,H12,D013
P1989,LAB01,143.27,1,2025-05-23,H44,D106
P973,MRI07,2755.68,3,2025-12-19,H22,D111
P593,LAB01,111.62,2,2025-06-16,H06,D181
P1138,XRAY02,2503.46,1,2025-02-26,H36,D070
P1064,LAB01,101.25,3,2025-05-18,H27,D057
P1325,SURG05,4337.71,1,2025-11-23,H47,D076
P224,LAB01,127.79,3,2025-12-19,H15,D195
P318,SURG05,6280.52,2,2025-01-17,H17,D176
P349,LAB01,88.24,2,2025-11-28,H03,D020
P115,LAB01,111.25,3,2025-09-30,H10,D062
P698,MRI07,1927.46,1,2025-11-30,H25,D173
P1347,XRAY02,334.34,1,2025-01-03,H21,D063
P1592,XRAY02,253.65,2,2025-08-31,H40,D136
P1064,CONS01,457.26,1,2025-04-18,H09,D154
P1890,MRI07,2332.39,3,2025-02-20,H24,D038
P40,MRI07,3363.66,3,2025-12-16,H32,D092
P1883,XRAY02,297.65,3,2025-06-23,H03,D099
P1997,MRI07,2605.18,2,2025-04-26,H33,D108
P1773,XRAY02,315.12,2,2025-07-02,H43,D105
P1313,MRI07,2316.26,2,2025-12-27,H45,D169
P1286,LAB01,82.49,3,2025-12-21,H12,D107
P216,XRAY02,328.57,2,2025-06-03,H29,D102
P1171,XRAY02,265.99,3,2025-09-04,H21,D130
P336,SURG05,6212.1,1,2025-03-17,H39,D007
P1192,MRI07,1906.51,2,2025-09-01,H34,D127
P92,MRI07,2354.06,1,2025-03-22,H33,D105
P353,XRAY02,293.08,1,2025-08-17,H32,D153
P571,LAB01,122.29,2,2025-03-13,H20,D051
P1595,LAB01,124.43,2,2025-08-06,H03,D050
P816,LAB01,85.34,1,2025-08-31,H04,D064
P1705,MRI07,2356.8,1,2025-11-10,H17,D140
P781,SURG05,4598.87,1,2025-03-19,H17,D181
P363,XRAY02,256.85,3,2025-06-07,H19,D075
P557,CONS01,542.16,1,2025-02-17,H04,D010
P1369,SURG05,5702.99,3,2025-11-08,H29,D189
P1717,CONS01,472.42,2,2025-10-25,H17,D183
P1194,SURG05,5432.4,1,2025-01-24,H22,D099
P356,LAB01,148.93,2,2025-04-20,H02,D068
P191,MRI07,2361.83,1,2025-02-21,H42,D170
P1691,CONS01,511.51,2,2025-10-17,H12,D066
P422,SURG05,4266.18,1,2025-09-16,H45,D172
P700,MRI07,1549.57,3,2025-11-20,H11,D028
P7,CONS01,552.23,2,2025-05-19,H40,D107
P133,XRAY02,220.32,2,2025-11-02,H29,D110
P1771,SURG05,1446.9,1,2025-12-04,H20,D111
P557,XRAY02,1623.48,3,2025-10-02,H05,D078
P826,LAB01,155.14,3,2025-02-13,H25,D186
P761,XRAY02,293.63,3,2025-09-16,H34,D093
P1055,XRAY02,352.38,1,2025-04-23,H12,D130
P535,SURG05,5877.31,2,2025-08-15,H28,D183
P426,LAB01,131.24,1,2025-03-06,H34,D034
P1418,XRAY02,310.51,3,2025-06-12,H06,D148
P672,MRI07,2589.07,3,2025-06-13,H19,D047
P363,CONS01,492.0,2,2025-06-15,H12,D118
P1461,XRAY02,285.26,1,2025-02-08,H25,D128
P1694,LAB01,140.78,1,2025-06-02,H13,D026
P1575,XRAY02,2391.57,3,2025-11-16,H17,D084
P1951,CONS01,555.73,2,2025-12-26,H12,D001
P82,LAB01,109.41,2,2025-09-26,H03,D193
P356,SURG05,3324.04,3,2025-11-20,H24,D097
P1282,LAB01,112.77,1,2025-11-22,H08,D087
P1742,SURG05,5656.91,1,2025-03-16,H48,D075
P589,LAB01,181.22,2,2025-09-14,H36,D108
P1548,CONS01,527.31,2,2025-07-19,H26,D015
P295,CONS01,511.11,3,2025-04-08,H45,D142
P1986,LAB01,103.76,2,2025-04-14,H08,D055
P1248,XRAY02,294.86,1,2025-06-13,H32,D129
P1549,CONS01,414.51,1,2025-04-23,H32,D033
P1070,SURG05,5175.16,2,2025-04-13,H01,D070
P1691,SURG05,5822.24,3,2025-02-06,H03,D056
P1137,MRI07,2100.53,1,2025-04-16,H01,D023
P1257,SURG05,5135.13,1,2025-07-06,H15,D054
P17,MRI07,3194.39,3,2025-12-30,H20,D090
P360,LAB01,148.4,2,2025-01-21,H03,D131
P1247,LAB01,160.61,1,2025-05-28,H15,D046
P866,LAB01,137.49,1,2025-05-09,H37,D134
P700,XRAY02,327.22,3,2025-07-06,H21,D153
P448,XRAY02,335.31,2,2025-10-11,H42,D017
P856,MRI07,3546.67,3,2025-07-18,H39,D156
P365,SURG05,5739.18,3,2025-08-23,H23,D160
P675,SURG05,3489.02,2,2025-04-18,H40,D093
P1008,LAB01,109.61,1,2025-01-09,H35,D023
P1350,CONS01,490.17,3,2025-08-14,H18,D144
P467,XRAY02,298.52,1,2025-07-28,H17,D096
P414,XRAY02,310.47,1,2025-09-02,H31,D154
P1479,LAB01,143.87,1,2025-10-15,H48,D161
P586,XRAY02,284.7,1,2025-03-07,H26,D186
P1257,LAB01,104.58,3,2025-12-22,H22,D176
P1248,MRI07,3151.39,2,2025-06-02,H45,D083
P994,SURG05,5006.96,1,2025-07-10,H36,D055
P1855,CONS01,402.59,1,2025-08-06,H35,D169
P1436,SURG05,5508.37,1,2025-06-03,H11,D062
P572,SURG05,4050.87,2,2025-10-04,H27,D145
P335,MRI07,2761.01,1,2025-03-23,H34,D102
P1246,XRAY02,282.82,2,2025-08-09,H18,D059
P37,CONS01,426.41,3,2025-10-07,H27,D142
P989,XRAY02,297.23,2,2025-04-21,H04,D149
P278,SURG05,5625.8,1,2025-04-02,H17,D191
P1220,LAB01,140.85,3,2025-01-12,H06,D174
P916,SURG05,3806.48,2,2025-05-19,H42,D055
P1888,XRAY02,269.97,1,2025-06-04,H11,D062
P484,SURG05,5673.73,3,2025-01-23,H05,D167
P1266,LAB01,110.92,3,2025-08-08,H18,D170
P1348,MRI07,2066.02,2,2025-12-14,H25,D048
P731,XRAY02,326.88,1,2025-08-25,H10,D103
P192,SURG05,4406.66,2,2025-09-10,H41,D028
P1041,XRAY02,241.62,3,2025-07-02,H16,D084
P524,MRI07,2364.72,3,2025-07-17,H10,D134
P918,SURG05,5012.92,1,2025-06-19,H10,D059
P401,SURG05,4392.74,3,2025-05-03,H36,D090
P1930,XRAY02,223.38,1,2025-02-03,H21,D070
P886,XRAY02,302.39,2,2025-11-09,H14,D167
P705,LAB01,84.52,3,2025-01-03,H08,D185
P22,MRI07,3024.67,3,2025-01-06,H01,D182
P474,LAB01,116.11,1,2025-10-31,H16,D060
P1144,SURG05,3960.54,1,2025-04-12,H26,D145
P210,XRAY02,285.43,2,2025-07-11,H49,D168
P306,SURG05,5650.07,1,2025-01-13,H42,D066
P1294,SURG05,4114.94,3,2025-02-05,H06,D115
P704,CONS01,498.16,2,2025-03-11,H39,D124
P687,CONS01,513.27,2,2025-10-16,H02,D182
P285,SURG05,4808.79,2,2025-04-15,H09,D071
P716,XRAY02,257.44,1,2025-07-23,H05,D044
P1700,SURG05,4157.96,1,2025-11-09,H40,D084
P763,CONS01,514.94,3,2025-02-24,H05,D195
P1251,XRAY02,249.54,2,2025-04-17,H47,D057
P948,SURG05,3807.43,2,2025-05-21,H08,D036
P381,MRI07,2817.51,2,2025-08-13,H05,D057
P460,MRI07,623.75,3,2025-11-03,H05,D121
P1031,SURG05,5698.79,1,2025-12-14,H17,D171
P29,XRAY02,318.6,2,2025-11-05,H09,D044
P907,SURG05,5871.67,1,2025-02-05,H34,D062
P1057,SURG05,4823.82,1,2025-05-13,H33,D115
P1670,CONS01,537.59,1,2025-01-25,H22,D083
P879,MRI07,3454.3,1,2025-12-03,H21,D061
P79,CONS01,545.07,1,2025-02-06,H43,D094
P1952,CONS01,461.16,3,2025-01-19,H15,D011
P947,SURG05,4305.93,1,2025-02-04,H01,D077
P459,CONS01,480.53,2,2025-12-29,H07,D120
P570,MRI07,2485.5,2,2025-11-06,H23,D161
P1562,CONS01,474.9,2,2025-01-06,H47,D102
P1506,MRI07,2661.44,3,2025-07-18,H06,D121
P1454,CONS01,448.37,1,2025-02-03,H20,D112
P738,MRI07,2408.04,2,2025-02-25,H26,D066
P1309,CONS01,442.65,2,2025-09-13,H42,D110
P516,CONS01,547.91,2,2025-07-30,H12,D120
P1123,XRAY02,247.25,1,2025-04-07,H13,D023
P397,MRI07,1911.69,2,2025-10-09,H47,D177
P1513,MRI07,3009.93,1,2025-08-29,H49,D148
P39,MRI07,2732.63,2,2025-06-19,H13,D015
P1295,LAB01,113.53,2,2025-12-13,H02,D194
P887,CONS01,505.33,1,2025-10-21,H32,D030
P797,MRI07,2385.25,2,2025-08-15,H31,D004
P157,LAB01,129.97,3,2025-11-11,H11,D064
P1099,XRAY02,228.43,1,2025-05-07,H37,D065
P884,MRI07,2740.26,2,2025-10-07,H04,D008
P1824,MRI07,2190.47,3,2025-01-21,H34,D052
P1154,LAB01,159.05,3,2025-11-12,H16,D142
P1711,CONS01,444.46,1,2025-09-03,H31,D058
P974,XRAY02,329.09,2,2025-03-31,H25,D011
P1108,MRI07,2438.45,1,2025-01-06,H39,D059
P1046,CONS01,421.98,3,2025-09-23,H08,D024
P1483,XRAY02,350.98,3,2025-04-07,H08,D088
P1563,SURG05,1088.49,1,2025-05-30,H34,D160
P1731,SURG05,5652.78,1,2025-03-21,H15,D046
P849,XRAY02,345.02,2,2025-01-17,H05,D028
P1406,LAB01,123.52,3,2025-05-18,H19,D016
P748,XRAY02,318.48,1,2025-05-20,H10,D042
P1464,XRAY02,281.07,3,2025-12-05,H09,D103
P1628,LAB01,161.83,1,2025-02-09,H29,D016
P989,LAB01,127.9,2,2025-06-17,H40,D100
P21,CONS01,544.81,3,2025-03-15,H37,D140
P303,CONS01,483.23,2,2025-03-15,H19,D190
P869,LAB01,145.28,2,2025-02-19,H13,D034
P1979,SURG05,5673.9,3,2025-01-10,H46,D038
P84,SURG05,5561.18,1,2025-04-13,H40,D127
P1798,XRAY02,303.44,2,2025-12-16,H16,D175
P1683,MRI07,2191.71,2,2025-10-26,H30,D022
P1977,XRAY02,351.66,3,2025-12-05,H05,D080
P1477,XRAY02,330.02,3,2025-04-14,H33,D088
P1411,MRI07,1746.44,3,2025-10-17,H19,D003
P1531,LAB01,155.8,2,2025-10-07,H19,D001
P1281,SURG05,5483.38,1,2025-05-22,H17,D053
P570,XRAY02,317.48,1,2025-10-24,H24,D192
P1916,MRI07,2429.6,3,2025-06-19,H28,D172
P934,CONS01,451.73,2,2025-01-13,H42,D047
P1551,XRAY02,326.2,2,2025-06-06,H37,D166
P1186,SURG05,6518.82,2,2025-06-23,H22,D191
P1981,LAB01,122.08,3,2025-06-11,H39,D115
P1187,XRAY02,339.74,2,2025-05-12,H16,D041
P1856,XRAY02,262.94,2,2025-01-28,H35,D149
P1009,MRI07,3168.34,1,2025-03-24,H27,D173
P793,CONS01,471.37,3,2025-12-29,H12,D141
P792,CONS01,529.87,3,2025-09-26,H46,D194
P1548,LAB01,156.88,3,2025-09-08,H28,D066
P1810,SURG05,4541.39,2,2025-04-16,H01,D043
P1295,LAB01,87.45,2,2025-09-18,H39,D190
P492,XRAY02,224.51,1,2025-12-19,H18,D089
P208,XRAY02,296.92,3,2025-01-14,H23,D176
P1563,CONS01,457.22,2,2025-03-21,H22,D113
P1608,SURG05,5536.29,1,2025-06-09,H04,D026
P1084,MRI07,562.94,2,2025-06-27,H48,D099
P430,SURG05,6120.11,2,2025-06-04,H11,D061
P985,XRAY02,291.71,3,2025-02-04,H18,D125
P1681,MRI07,16143.1,3,2025-09-16,H48,D119
P1629,SURG05,5136.65,2,2025-09-17,H07,D062
P1333,SURG05,4710.55,2,2025-05-15,H21,D082
P520,MRI07,2867.08,2,2025-05-11,H35,D142
P591,XRAY02,2441.13,2,2025-03-22,H37,D182
P1051,SURG05,3711.94,2,2025-02-28,H30,D169
P1710,MRI07,2367.54,3,2025-03-15,H17,D188
P1586,XRAY02,243.18,3,2025-08-27,H33,D137
P199,MRI07,1274.98,2,2025-05-09,H16,D044
P387,MRI07,3466.81,2,2025-11-11,H15,D056
P349,SURG05,5061.81,3,2025-05-18,H13,D003
P960,XRAY02,202.5,2,2025-04-13,H39,D098
P1964,SURG05,3945.79,3,2025-01-09,H03,D097
P693,LAB01,126.19,3,2025-08-20,H24,D091
P1560,LAB01,32.76,3,2025-04-09,H23,D059
P1852,XRAY02,290.9,3,2025-08-06,H45,D073
P378,MRI07,2344.79,1,2025-08-25,H48,D141
P899,SURG05,5548.46,2,2025-08-10,H01,D158
P916,SURG05,4996.94,2,2025-06-17,H32,D053
P1582,XRAY02,330.45,2,2025-03-03,H33,D179
P527,XRAY02,2547.94,3,2025-11-14,H48,D042
P1177,LAB01,127.73,3,2025-01-10,H30,D154
P734,CONS01,448.77,3,2025-08-22,H02,D187
P206,XRAY02,332.61,2,2025-03-28,H18,D069
P455,CONS01,105.43,3,2025-09-24,H30,D110
P1297,XRAY02,308.06,1,2025-07-23,H18,D092
P1918,MRI07,2731.42,2,2025-11-14,H05,D003
P1260,MRI07,2332.61,1,2025-11-29,H05,D041
P1876,LAB01,127.77,1,2025-12-26,H08,D125
P1764,LAB01,98.64,2,2025-08-29,H09,D001
P521,CONS01,501.26,1,2025-02-25,H32,D193
P1702,XRAY02,306.62,1,2025-04-20,H14,D115
P1968,SURG05,5342.82,3,2025-02-18,H13,D070
P1017,LAB01,99.19,1,2025-08-31,H18,D126
P956,SURG05,4824.75,3,2025-01-16,H04,D050
P1855,SURG05,5241.26,1,2025-03-14,H22,D080
P726,XRAY02,289.65,2,2025-07-21,H20,D097
P1014,CONS01,511.04,2,2025-04-03,H15,D059
P501,XRAY02,323.19,2,2025-05-17,H07,D074
P117,LAB01,114.39,2,2025-02-02,H13,D063
P386,SURG05,5590.75,3,2025-03-29,H34,D025
P1368,XRAY02,320.58,1,2025-07-22,H41,D138
P584,XRAY02,311.84,1,2025-02-08,H30,D077
P395,XRAY02,366.9,2,2025-04-24,H05,D124
P1088,LAB01,850.7,3,2025-11-29,H01,D129
P1741,CONS01,568.97,3,2025-09-04,H31,D099
P721,XRAY02,354.41,2,2025-12-09,H20,D014
P72,LAB01,118.61,1,2025-07-27,H19,D149
P1813,SURG05,6230.72,2,2025-11-08,H29,D186
P274,MRI07,2133.31,1,2025-10-24,H45,D038
P1344,LAB01,145.89,2,2025-12-26,H38,D001
P338,MRI07,3139.01,1,2025-07-30,H10,D084
P1390,XRAY02,333.59,3,2025-12-21,H29,D133
P1519,XRAY02,312.04,2,2025-02-28,H31,D044
P607,LAB01,118.59,1,2025-06-05,H11,D193
P166,MRI07,2618.1,1,2025-05-02,H23,D057
P1568,XRAY02,337.1,1,2025-04-30,H30,D104
P11,SURG05,6283.7,1,2025-10-24,H25,D045
P1325,CONS01,548.39,3,2025-11-18,H16,D060
P729,CONS01,596.38,1,2025-03-03,H23,D066
P801,XRAY02,325.44,3,2025-06-07,H33,D047
P102,MRI07,2106.88,1,2025-02-09,H37,D115
P1449,XRAY02,267.5,3,2025-08-30,H28,D026
P1416,MRI07,1960.81,3,2025-02-09,H27,D137
P779,SURG05,3904.63,1,2025-12-24,H06,D051
P214,MRI07,2153.46,3,2025-07-09,H38,D094
P1715,XRAY02,310.95,2,2025-08-22,H37,D110
P1112,SURG05,5872.42,1,2025-01-15,H06,D136
P1577,LAB01,140.1,2,2025-05-04,H25,D005
P401,CONS01,91.78,3,2025-08-16,H13,D039
P588,XRAY02,363.89,3,2025-10-07,H33,D068
P889,XRAY02,84.16,2,2025-02-17,H33,D040
P1070,XRAY02,367.99,1,2025-07-08,H25,D036
P1696,SURG05,5512.79,2,2025-10-31,H14,D149
P1487,LAB01,106.02,3,2025-02-16,H40,D097
P592,MRI07,2653.76,1,2025-07-03,H41,D026
P1334,LAB01,96.43,2,2025-04-15,H42,D104
P1110,SURG05,4644.6,2,2025-09-04,H38,D103
P92,XRAY02,382.04,1,2025-09-21,H09,D075
P1684,CONS01,499.57,2,2025-07-25,H18,D085
P673,XRAY02,284.56,1,2025-01-18,H15,D113
P714,MRI07,2833.67,1,2025-12-30,H04,D056
P936,CONS01,585.27,2,2025-09-08,H34,D057
P1952,XRAY02,317.39,1,2025-08-26,H38,D187
P242,CONS01,479.91,1,2025-12-06,H17,D128
P1889,LAB01,130.13,3,2025-11-17,H07,D101
P2,SURG05,33148.6,3,2025-12-31,H32,D135
P225,XRAY02,291.89,3,2025-10-29,H23,D170
P801,MRI07,2441.79,2,2025-03-07,H20,D141
P1769,LAB01,100.86,2,2025-12-02,H47,D084
P1997,XRAY02,311.9,2,2025-05-30,H02,D162
P1950,LAB01,119.04,2,2025-07-12,H21,D100
P1953,MRI07,3008.82,1,2025-05-27,H12,D181
P589,XRAY02,224.88,1,2025-07-02,H42,D046
P116,MRI07,2661.83,3,2025-04-16,H49,D185
P1690,CONS01,556.46,1,2025-08-24,H27,D061
P918,MRI07,2479.12,2,2025-05-06,H48,D056
P1127,CONS01,500.25,1,2025-06-28,H10,D029
P194,XRAY02,301.39,3,2025-01-13,H08,D111
P1190,CONS01,472.4,2,2025-08-19,H21,D092
P871,XRAY02,342.84,1,2025-01-28,H22,D142
P90,XRAY02,375.33,3,2025-11-19,H13,D196
P1710,SURG05,3706.39,1,2025-09-18,H48,D102
P122,XRAY02,329.36,3,2025-04-10,H40,D071
P143,CONS01,81.1,3,2025-07-07,H12,D013
P994,SURG05,4992.3,3,2025-12-03,H17,D145
P106,SURG05,4162.47,2,2025-10-27,H48,D157
P887,XRAY02,273.26,1,2025-04-29,H09,D081
P428,MRI07,2356.36,1,2025-02-15,H49,D100
P1329,MRI07,3014.55,2,2025-03-09,H40,D083
P1896,SURG05,3878.43,2,2025-11-01,H12,D116
P1995,XRAY02,283.36,1,2025-06-20,H09,D125
P317,MRI07,1704.62,2,2025-12-24,H30,D002
P1987,XRAY02,314.89,2,2025-07-15,H06,D062
P635,XRAY02,257.43,1,2025-11-29,H25,D020
P1926,SURG05,4823.95,3,2025-01-20,H28,D184
P9,SURG05,5918.61,2,2025-04-21,H10,D090
P774,LAB01,132.62,1,2025-05-26,H41,D180
P1097,MRI07,2587.26,1,2025-07-11,H28,D153
P1383,MRI07,2776.45,1,2025-08-17,H29,D062
P223,MRI07,2898.09,2,2025-01-12,H36,D017
P1440,CONS01,410.23,3,2025-08-05,H11,D039
P553,XRAY02,266.02,3,2025-03-20,H21,D010
P1394,SURG05,4651.13,1,2025-02-05,H38,D187
P716,MRI07,2494.23,2,2025-09-21,H26,D153
P1288,LAB01,101.56,2,2025-01-28,H18,D110
P1864,MRI07,1778.52,3,2025-03-27,H04,D028
P1714,XRAY02,267.08,3,2025-07-07,H44,D061
P1884,XRAY02,326.09,2,2025-11-01,H41,D058
P1342,SURG05,3135.27,3,2025-09-11,H15,D044
P1108,CONS01,460.0,1,2025-03-21,H23,D083
P1342,SURG05,4298.07,3,2025-07-05,H41,D151
P111,MRI07,2010.45,2,2025-01-05,H06,D125
P251,LAB01,133.2,1,2025-02-15,H43,D145
P383,SURG05,4311.44,2,2025-12-20,H07,D079
P7,CONS01,448.19,3,2025-04-12,H46,D085
P459,SURG05,5420.22,3,2025-01-02,H48,D038
P1108,XRAY02,323.55,1,2025-08-05,H15,D030
P208,MRI07,2643.13,1,2025-01-25,H09,D147
P900,MRI07,2026.51,1,2025-09-14,H30,D032
P1414,MRI07,3045.78,1,2025-08-11,H44,D020
P1338,MRI07,17942.68,3,2025-11-20,H43,D102
P22,MRI07,2647.67,2,2025-03-10,H28,D064
P410,MRI07,2197.16,3,2025-07-16,H30,D036
P895,LAB01,84.7,3,2025-09-29,H08,D193
P515,CONS01,496.15,1,2025-07-01,H35,D171
P1151,MRI07,2943.72,1,2025-01-18,H35,D026
P809,CONS01,547.43,2,2025-04-17,H26,D007
P1724,MRI07,2219.08,2,2025-01-17,H30,D034
P874,SURG05,6263.25,3,2025-05-05,H35,D164
P14,MRI07,1860.76,2,2025-03-23,H38,D134
P971,XRAY02,302.37,1,2025-01-04,H11,D165
P978,LAB01,106.08,1,2025-04-25,H20,D062
P1014,SURG05,5057.65,1,2025-12-17,H46,D086
P1036,SURG05,6077.53,3,2025-12-17,H31,D073
P87,XRAY02,260.83,2,2025-05-17,H34,D128
P1548,MRI07,2412.69,1,2025-10-14,H12,D060
P909,LAB01,114.46,3,2025-08-16,H48,D064
P1561,SURG05,4943.07,3,2025-01-16,H28,D178
P1325,LAB01,107.8,3,2025-10-25,H03,D052
P1267,SURG05,5474.27,2,2025-07-31,H48,D145
P122,MRI07,2281.34,2,2025-09-03,H42,D060
P1171,SURG05,4589.32,2,2025-10-13,H05,D077
P1591,SURG05,6088.87,3,2025-10-09,H13,D119
P750,CONS01,502.34,3,2025-06-26,H12,D182
P1380,MRI07,2241.73,2,2025-01-31,H01,D138
P685,XRAY02,327.95,1,2025-02-19,H43,D125
P1928,XRAY02,295.67,2,2025-05-23,H19,D153
P1757,MRI07,2361.21,3,2025-02-21,H29,D018
P1655,XRAY02,315.11,3,2025-08-21,H47,D064
P309,MRI07,3559.9,3,2025-06-15,H48,D079
P695,XRAY02,290.14,3,2025-02-07,H39,D059
P288,CONS01,521.26,3,2025-01-20,H42,D155
P307,XRAY02,300.92,3,2025-04-09,H25,D058
P1836,SURG05,4085.6,2,2025-08-03,H16,D061
P1618,MRI07,2120.24,3,2025-02-13,H17,D118
P1990,LAB01,129.12,3,2025-04-21,H28,D079
P914,LAB01,729.71,3,2025-03-30,H39,D071
P1747,MRI07,3071.97,3,2025-11-15,H43,D171
P662,CONS01,546.77,3,2025-04-28,H49,D088
P549,XRAY02,294.53,1,2025-08-27,H05,D087
P1376,CONS01,475.93,2,2025-03-13,H01,D139
P312,LAB01,155.94,2,2025-11-06,H03,D088
P873,MRI07,2585.56,1,2025-10-31,H48,D133
P1083,MRI07,3505.99,1,2025-06-12,H24,D186
P1667,CONS01,637.26,3,2025-09-08,H29,D039
P924,CONS01,108.22,2,2025-12-23,H15,D176
P1738,XRAY02,364.48,2,2025-07-14,H04,D080
P755,SURG05,5123.22,1,2025-03-01,H44,D020
P35,SURG05,4764.78,2,2025-04-08,H01,D081
P445,XRAY02,270.24,2,2025-12-22,H49,D019
P93,SURG05,5375.72,3,2025-12-21,H15,D188
P1974,LAB01,118.3,3,2025-03-14,H24,D154
P1983,SURG05,4072.05,3,2025-08-10,H31,D153
P1231,XRAY02,324.09,2,2025-04-29,H20,D143
P353,SURG05,4709.4,2,2025-07-01,H10,D149
P903,MRI07,2915.4,3,2025-08-06,H11,D175
P1356,CONS01,568.13,3,2025-09-13,H18,D163
P1841,LAB01,94.37,2,2025-03-29,H34,D172
P862,MRI07,422.22,2,2025-12-27,H28,D134
P1749,MRI07,2729.65,1,2025-10-02,H38,D116
P159,XRAY02,331.76,3,2025-12-02,H16,D101
P1978,CONS01,480.45,3,2025-01-26,H24,D151
P957,CONS01,509.89,3,2025-05-01,H39,D039
P24,LAB01,96.42,2,2025-10-16,H12,D146
P404,XRAY02,243.4,2,2025-12-28,H42,D168
P805,LAB01,92.72,1,2025-01-30,H07,D036
P516,SURG05,6709.38,1,2025-07-21,H36,D156
P732,MRI07,3067.57,3,2025-02-05,H17,D192
P1388,LAB01,20.11,1,2025-05-05,H49,D083
P1406,MRI07,3068.75,2,2025-08-11,H04,D094
P532,XRAY02,254.16,1,2025-08-23,H37,D186
P956,SURG05,6312.92,1,2025-05-04,H33,D166
P152,XRAY02,35.98,2,2025-06-20,H19,D172
P1586,SURG05,6491.3,3,2025-06-30,H26,D002
P1713,SURG05,5392.85,3,2025-08-03,H11,D073
P947,MRI07,2687.64,1,2025-04-28,H31,D035
P608,XRAY02,265.47,2,2025-08-15,H01,D129
P1641,XRAY02,1461.9,2,2025-02-06,H40,D174
P420,LAB01,116.02,1,2025-11-13,H36,D188
P1274,XRAY02,297.55,3,2025-04-06,H29,D063
P1141,LAB01,129.92,3,2025-04-30,H25,D095
P866,CONS01,487.13,3,2025-01-12,H47,D045
P1536,CONS01,435.26,2,2025-05-02,H49,D125
P1764,CONS01,521.37,2,2025-02-04,H18,D185
P578,XRAY02,73.48,2,2025-09-08,H03,D037
P335,XRAY02,335.49,3,2025-03-08,H18,D007
P1442,LAB01,141.67,1,2025-02-07,H07,D110
P932,SURG05,6432.37,2,2025-10-07,H28,D144
P1798,LAB01,154.62,2,2025-08-18,H17,D178
P295,CONS01,534.53,1,2025-12-03,H25,D142
P1962,LAB01,155.15,3,2025-06-17,H18,D134
P755,SURG05,4619.2,2,2025-11-24,H40,D189
P1395,XRAY02,425.34,3,2025-09-03,H43,D149
P186,LAB01,166.27,2,2025-03-20,H03,D138
P1270,CONS01,460.01,2,2025-04-24,H25,D032
P637,CONS01,460.29,1,2025-10-28,H07,D134
P1292,XRAY02,229.48,1,2025-08-05,H47,D002
P1667,LAB01,77.32,1,2025-07-19,H10,D039
P1261,SURG05,3723.72,1,2025-12-18,H44,D049
P530,XRAY02,357.35,3,2025-08-30,H44,D027
P1576,LAB01,142.38,3,2025-01-13,H19,D056
P21,MRI07,2781.43,3,2025-07-26,H15,D014
P911,CONS01,401.91,1,2025-09-19,H21,D151
P1761,SURG05,965.28,2,2025-04-07,H21,D103
P867,SURG05,5150.0,3,2025-03-12,H37,D118
P794,SURG05,4844.56,1,2025-10-30,H28,D122
P1544,CONS01,598.16,1,2025-12-15,H45,D105
P100,LAB01,80.21,1,2025-08-18,H32,D179
P752,XRAY02,291.1,3,2025-12-23,H41,D025
P478,LAB01,93.91,2,2025-10-27,H27,D053
P1623,XRAY02,326.81,3,2025-02-01,H23,D011
P1322,SURG05,4669.39,1,2025-09-07,H10,D163
P940,LAB01,19.93,1,2025-09-11,H40,D183
P526,SURG05,6219.76,1,2025-09-16,H41,D186
P334,MRI07,1815.63,3,2025-07-01,H06,D196
P2,SURG05,4266.47,2,2025-12-06,H24,D037
P375,SURG05,5674.25,3,2025-06-15,H18,D009
P293,XRAY02,224.35,1,2025-01-04,H10,D028
P837,MRI07,2766.82,1,2025-05-25,H15,D055
P1958,SURG05,6505.18,1,2025-06-14,H45,D174
P1005,SURG05,5188.28,3,2025-12-10,H43,D127
P553,MRI07,1635.82,3,2025-12-28,H34,D070
P318,MRI07,1875.7,3,2025-04-15,H08,D027
P1526,LAB01,145.49,1,2025-02-05,H35,D010
P1852,XRAY02,2247.04,3,2025-11-10,H27,D151
P381,MRI07,2057.54,2,2025-06-18,H25,D149
P1647,MRI07,1163.86,2,2025-01-08,H03,D173
P14,CONS01,476.09,2,2025-03-27,H21,D126
P504,MRI07,2470.41,3,2025-04-07,H39,D003
P231,XRAY02,268.98,1,2025-11-11,H32,D187
P1108,SURG05,4893.58,1,2025-01-30,H21,D043
P130,SURG05,4156.76,1,2025-04-11,H09,D099
P1767,SURG05,3819.13,1,2025-03-08,H01,D007
P838,SURG05,4828.7,1,2025-12-15,H04,D155
P1169,CONS01,408.67,3,2025-03-04,H04,D190
P891,MRI07,2589.91,2,2025-02-01,H49,D042
P1881,SURG05,4760.84,3,2025-03-28,H26,D097
P28,LAB01,102.45,1,2025-07-30,H34,D004
P66,SURG05,5348.53,3,2025-02-20,H27,D190
P1187,MRI07,3329.13,3,2025-03-04,H15,D136
P1253,SURG05,7023.55,3,2025-03-21,H45,D084
P261,CONS01,529.14,1,2025-12-09,H32,D145
P1473,XRAY02,331.46,1,2025-08-20,H41,D005
P1448,XRAY02,1118.39,1,2025-04-11,H07,D191
P460,MRI07,2468.14,3,2025-05-09,H44,D113
P1976,XRAY02,312.44,3,2025-01-19,H44,D137
P1700,XRAY02,312.74,2,2025-12-23,H14,D136
P301,LAB01,140.89,2,2025-04-04,H23,D007
P919,MRI07,3101.58,1,2025-03-22,H47,D037
P1327,MRI07,2350.66,2,2025-04-13,H01,D055
P287,XRAY02,328.36,1,2025-06-03,H32,D067
P1419,XRAY02,1177.41,1,2025-09-26,H41,D136
P1034,XRAY02,281.34,3,2025-04-28,H26,D069
P1731,CONS01,481.57,2,2025-12-08,H48,D005
P630,SURG05,5225.37,1,2025-10-06,H09,D017
P270,CONS01,503.01,1,2025-12-29,H16,D111
P592,MRI07,2884.36,2,2025-08-13,H31,D058
P1994,LAB01,133.26,2,2025-09-25,H02,D191
P1629,SURG05,4990.84,2,2025-05-17,H32,D155
P1802,LAB01,98.2,2,2025-08-14,H10,D104
P844,MRI07,2624.13,2,2025-11-30,H25,D113
P862,MRI07,2148.43,2,2025-08-17,H18,D092
P1385,LAB01,89.98,2,2025-11-19,H45,D068
P1281,LAB01,124.58,1,2025-04-18,H34,D028
P133,LAB01,94.07,3,2025-10-27,H29,D089
P1300,MRI07,2114.78,1,2025-01-07,H45,D186
P1800,XRAY02,254.99,1,2025-05-08,H24,D178
P1707,LAB01,121.52,3,2025-12-19,H03,D106
P972,SURG05,5128.42,3,2025-09-24,H15,D067
P513,MRI07,3064.17,3,2025-06-22,H03,D122
P313,CONS01,512.89,2,2025-08-02,H31,D159
P576,CONS01,548.89,2,2025-09-04,H10,D101
P886,SURG05,4178.39,2,2025-04-16,H38,D012
P1308,XRAY02,347.0,1,2025-03-24,H22,D183
P1145,LAB01,98.29,3,2025-10-19,H14,D101
P1131,MRI07,1831.51,3,2025-07-22,H09,D004
P1957,LAB01,124.52,1,2025-02-10,H18,D121
P687,MRI07,2382.51,2,2025-07-24,H08,D042
P1228,CONS01,483.92,3,2025-12-14,H38,D182
P165,LAB01,129.62,1,2025-02-18,H15,D022
P305,SURG05,4226.65,2,2025-05-23,H46,D001
P1521,XRAY02,321.01,1,2025-05-21,H15,D048
P1656,SURG05,4863.5,2,2025-02-22,H06,D043
P1580,XRAY02,337.84,1,2025-04-17,H12,D102
P1848,LAB01,98.65,2,2025-02-02,H42,D148
P156,LAB01,99.74,1,2025-07-19,H19,D018
P1391,XRAY02,370.75,1,2025-04-29,H40,D198
P1743,CONS01,516.49,1,2025-10-15,H05,D177
P1926,MRI07,2280.5,1,2025-08-17,H27,D076
P620,SURG05,5832.09,3,2025-04-28,H10,D145
P1275,SURG05,41965.32,3,2025-06-25,H43,D181
P957,SURG05,5856.09,3,2025-07-04,H46,D150
P1940,LAB01,142.13,3,2025-11-14,H14,D082
P1906,SURG05,4311.62,1,2025-12-04,H34,D010
P334,MRI07,2913.1,3,2025-08-03,H49,D024
P1666,MRI07,3302.95,3,2025-08-09,H15,D140
P969,XRAY02,319.0,1,2025-05-10,H29,D004
P511,LAB01,107.4,3,2025-11-29,H26,D170
P1317,MRI07,1839.04,3,2025-09-29,H27,D126
P1044,CONS01,509.33,2,2025-09-03,H03,D133
P282,LAB01,89.48,3,2025-05-03,H03,D154
P797,LAB01,118.27,2,2025-01-08,H35,D187
P1025,MRI07,2224.96,3,2025-03-08,H35,D190
P119,CONS01,496.15,1,2025-04-25,H06,D080
P1059,XRAY02,186.22,3,2025-10-15,H14,D005
P198,MRI07,2922.57,1,2025-04-15,H26,D154
P485,CONS01,514.99,3,2025-01-25,H03,D083
P1781,LAB01,140.73,3,2025-02-22,H33,D006
P1083,CONS01,631.07,1,2025-09-04,H42,D152
P837,LAB01,34.43,1,2025-12-03,H13,D181
P1185,MRI07,2447.24,1,2025-10-08,H29,D007
P1009,MRI07,2299.86,1,2025-02-02,H09,D010
P691,SURG05,5838.67,2,2025-10-14,H32,D167
P1230,SURG05,4680.86,2,2025-02-05,H22,D078
P1036,SURG05,4634.72,1,2025-12-09,H22,D156
P490,MRI07,2949.19,2,2025-08-27,H34,D042
P276,XRAY02,348.79,3,2025-08-05,H10,D062
P693,MRI07,2913.51,3,2025-06-26,H25,D125
P242,CONS01,528.11,3,2025-02-13,H12,D180
P1240,MRI07,2804.82,2,2025-10-31,H03,D022
P1275,MRI07,23222.8,2,2025-06-07,H19,D057
P1835,LAB01,139.98,3,2025-09-26,H33,D096
P126,LAB01,143.66,1,2025-06-20,H47,D139
P217,LAB01,142.93,3,2025-08-09,H26,D142
P1330,MRI07,2370.37,2,2025-08-18,H13,D031
P1821,XRAY02,321.22,3,2025-04-01,H07,D004
P1209,CONS01,422.14,3,2025-05-11,H34,D109
P1063,CONS01,4394.94,2,2025-08-14,H22,D150
P1247,XRAY02,327.27,2,2025-08-13,H20,D118
P1208,XRAY02,301.46,2,2025-05-23,H43,D093
P495,CONS01,538.97,2,2025-03-07,H23,D099
P427,SURG05,5581.59,3,2025-01-28,H48,D192
P1202,LAB01,128.26,2,2025-05-05,H14,D077
P919,LAB01,111.54,1,2025-07-31,H30,D083
P1452,CONS01,488.33,2,2025-03-21,H23,D115
P1318,XRAY02,358.57,2,2025-08-26,H47,D061
P1876,SURG05,5505.88,3,2025-05-12,H19,D100
P151,CONS01,599.28,1,2025-11-24,H39,D134
P384,LAB01,134.46,1,2025-10-27,H41,D079
P1662,MRI07,2582.43,1,2025-04-29,H36,D196
P1837,XRAY02,334.47,2,2025-02-15,H06,D006
P308,MRI07,2868.52,3,2025-03-25,H23,D066
P1360,CONS01,509.87,3,2025-10-09,H10,D164
P1970,LAB01,120.86,2,2025-12-18,H35,D143
P746,SURG05,5492.6,1,2025-01-13,H21,D076
P892,MRI07,2348.39,1,2025-05-05,H32,D040
P375,SURG05,4633.38,3,2025-11-21,H30,D169
P1032,LAB01,87.71,2,2025-06-21,H33,D007
P1365,MRI07,2064.43,1,2025-08-22,H06,D022
P129,SURG05,6351.72,2,2025-06-30,H05,D072
P1015,SURG05,4132.7,3,2025-02-20,H15,D106
P1800,MRI07,3550.46,2,2025-09-26,H43,D139
P669,LAB01,137.7,2,2025-06-18,H25,D130
P1376,SURG05,6640.16,2,2025-11-12,H13,D030
P1382,CONS01,614.76,2,2025-10-15,H06,D068
P517,MRI07,2438.66,1,2025-10-01,H37,D181
P1519,XRAY02,1914.03,3,2025-12-15,H02,D089
P86,XRAY02,215.1,1,2025-07-26,H17,D149
P1199,LAB01,117.94,1,2025-05-28,H24,D153
P1826,CONS01,478.11,1,2025-10-27,H12,D073
P1217,SURG05,5098.42,1,2025-02-06,H44,D072
P311,XRAY02,251.31,3,2025-06-10,H14,D133
P1143,LAB01,87.72,3,2025-10-02,H07,D066
P1242,CONS01,533.47,1,2025-10-15,H26,D085
P427,CONS01,474.99,2,2025-04-16,H32,D049
P1994,LAB01,120.22,2,2025-01-22,H29,D008
P1438,LAB01,96.71,2,2025-08-21,H46,D155
P114,SURG05,5080.5,2,2025-05-02,H39,D002
P1169,LAB01,142.66,2,2025-05-09,H09,D028
P1562,SURG05,4664.91,3,2025-11-06,H14,D139
P1672,SURG05,5098.91,2,2025-08-05,H17,D046
P303,MRI07,2681.79,3,2025-05-28,H49,D126
P744,CONS01,550.79,2,2025-02-27,H25,D021
P1905,CONS01,117.07,2,2025-08-25,H30,D170
P588,CONS01,101.51,1,2025-03-11,H45,D032
P987,MRI07,2379.08,1,2025-07-08,H29,D160
P1864,SURG05,4142.22,1,2025-08-30,H29,D199
P345,SURG05,4599.63,3,2025-03-04,H18,D150
P814,LAB01,117.33,3,2025-08-29,H31,D077
P1988,MRI07,2624.58,1,2025-07-04,H19,D021
P801,LAB01,129.44,1,2025-09-16,H17,D150
P1025,MRI07,2244.62,2,2025-08-17,H06,D034
P1171,LAB01,97.87,3,2025-08-11,H12,D138
P1311,XRAY02,238.31,2,2025-04-09,H38,D065
P1678,CONS01,549.65,2,2025-09-04,H03,D065
P1077,CONS01,565.23,1,2025-02-14,H47,D088
P1328,SURG05,5574.28,2,2025-09-30,H35,D067
P1093,XRAY02,338.89,2,2025-01-05,H47,D043
P361,CONS01,444.1,1,2025-01-11,H33,D115
P1626,SURG05,5722.22,1,2025-12-14,H29,D169
P1982,XRAY02,281.31,2,2025-02-08,H03,D141
P1244,CONS01,549.86,2,2025-02-11,H05,D118
P1986,LAB01,113.24,2,2025-07-22,H14,D004
P1010,MRI07,2013.92,3,2025-04-04,H36,D023
P704,XRAY02,240.79,2,2025-01-05,H28,D070
P1990,SURG05,7104.5,1,2025-02-21,H41,D162
P575,XRAY02,319.13,2,2025-05-30,H32,D041
P1609,SURG05,4625.34,3,2025-07-24,H18,D146
P1185,XRAY02,368.66,2,2025-10-27,H42,D120
P1705,SURG05,5506.33,3,2025-07-06,H40,D090
P1113,CONS01,562.54,3,2025-06-02,H13,D161
P688,LAB01,92.77,1,2025-04-26,H02,D153
P781,CONS01,559.84,2,2025-05-29,H25,D052
P585,LAB01,115.65,3,2025-08-08,H20,D145
P1781,CONS01,410.92,2,2025-07-11,H07,D051
P589,CONS01,599.68,3,2025-08-21,H11,D131
P1183,XRAY02,311.29,1,2025-11-20,H05,D055
P489,MRI07,2919.95,1,2025-08-09,H29,D184
P971,SURG05,5106.2,2,2025-02-16,H18,D119
P1348,SURG05,5034.84,2,2025-05-07,H08,D113
P1634,SURG05,5238.22,2,2025-10-18,H27,D035
P1405,LAB01,115.23,2,2025-08-03,H42,D068
P1126,SURG05,4254.12,2,2025-01-07,H02,D187
P494,SURG05,5447.76,3,2025-07-03,H35,D092
P1668,XRAY02,357.09,2,2025-04-26,H26,D059
P1638,CONS01,566.2,3,2025-02-21,H23,D013
P19,SURG05,4103.15,3,2025-02-15,H05,D062
P1478,MRI07,3181.68,3,2025-01-23,H16,D094
P1506,SURG05,4535.0,2,2025-05-11,H42,D175
P1618,LAB01,103.94,1,2025-05-07,H11,D003
P397,LAB01,81.92,1,2025-09-22,H19,D021
P1001,LAB01,118.79,2,2025-11-05,H16,D104
P1303,SURG05,4956.01,2,2025-07-15,H32,D065
P851,XRAY02,311.91,2,2025-02-17,H12,D146
P1389,MRI07,2088.07,3,2025-03-23,H02,D013
P1355,SURG05,4923.74,1,2025-04-19,H43,D199
P1665,XRAY02,277.48,1,2025-09-20,H22,D077
P1368,XRAY02,311.82,1,2025-12-21,H26,D109
P822,SURG05,5886.86,1,2025-01-31,H33,D096
P455,SURG05,5919.5,3,2025-12-24,H24,D093
P1625,XRAY02,351.57,2,2025-02-25,H05,D045
P725,XRAY02,249.24,3,2025-12-21,H21,D062
P1679,XRAY02,286.3,2,2025-07-08,H46,D030
P1089,SURG05,4502.57,2,2025-01-05,H18,D014
P1100,XRAY02,232.09,1,2025-10-13,H39,D181
P711,LAB01,121.64,1,2025-10-05,H05,D010
P143,SURG05,5386.44,2,2025-05-25,H08,D159
P917,LAB01,1063.64,2,2025-07-15,H21,D006
P1939,CONS01,484.79,1,2025-01-27,H47,D119
P828,SURG05,5518.05,1,2025-05-07,H05,D019
P605,CONS01,491.27,1,2025-05-15,H13,D012
P1497,XRAY02,255.38,1,2025-01-23,H19,D117
P1441,XRAY02,247.26,1,2025-11-27,H29,D192
P305,MRI07,3043.47,3,2025-04-27,H02,D103
P736,XRAY02,228.83,3,2025-01-08,H37,D114
P1521,CONS01,535.89,3,2025-04-11,H26,D082
P291,XRAY02,283.62,1,2025-09-18,H29,D183
P1964,SURG05,5639.98,2,2025-07-18,H05,D195
P102,XRAY02,335.52,2,2025-03-27,H32,D009
P1291,MRI07,2355.27,1,2025-08-16,H38,D134
P867,XRAY02,389.93,3,2025-06-28,H48,D129
P968,CONS01,494.03,2,2025-08-28,H02,D170
P1646,CONS01,536.9,1,2025-01-12,H05,D093
P974,XRAY02,288.64,3,2025-10-30,H47,D183
P842,CONS01,3307.79,3,2025-08-22,H33,D177
P962,CONS01,409.45,3,2025-07-02,H35,D099
P942,MRI07,2238.84,3,2025-10-09,H19,D099
P1801,SURG05,2953.37,3,2025-12-24,H15,D030
P1027,MRI07,2366.05,3,2025-07-09,H35,D035
P85,LAB01,126.09,3,2025-11-22,H08,D063
P1818,MRI07,2378.09,3,2025-08-03,H47,D150
P328,XRAY02,303.1,3,2025-09-15,H01,D171
P816,SURG05,4494.66,3,2025-01-26,H38,D028
P1474,XRAY02,279.83,1,2025-09-27,H22,D146
P454,LAB01,117.9,2,2025-03-23,H17,D032
P1948,SURG05,5582.76,1,2025-12-24,H16,D069
P629,CONS01,505.0,2,2025-07-04,H45,D182
P1245,MRI07,643.42,1,2025-10-15,H01,D162
P1178,XRAY02,286.15,2,2025-03-03,H03,D159
P665,LAB01,98.02,2,2025-01-30,H06,D110
P12,CONS01,429.34,2,2025-01-31,H03,D097
P1157,MRI07,2882.32,1,2025-10-20,H47,D132
P304,CONS01,592.69,2,2025-06-22,H30,D142
P1317,MRI07,3300.96,3,2025-04-12,H47,D015
P975,SURG05,4159.21,2,2025-05-08,H11,D188
P1324,CONS01,579.31,1,2025-03-27,H27,D020
P1764,CONS01,561.62,1,2025-11-11,H22,D020
P783,CONS01,529.7,3,2025-01-28,H06,D177
P43,SURG05,4974.49,2,2025-05-02,H38,D099
P944,LAB01,125.05,1,2025-09-08,H41,D068
P343,MRI07,2273.5,2,2025-03-02,H46,D018
P1350,CONS01,565.27,3,2025-06-20,H31,D152
P1838,SURG05,6086.62,3,2025-09-29,H43,D155
P498,LAB01,88.34,1,2025-11-21,H06,D033
P364,MRI07,3706.87,2,2025-10-27,H20,D125
P891,SURG05,6213.63,3,2025-04-23,H47,D064
P427,MRI07,1930.99,3,2025-07-13,H41,D153
P1005,CONS01,511.95,1,2025-01-19,H11,D069
P21,LAB01,92.67,3,2025-12-06,H02,D146
P407,SURG05,5081.43,1,2025-04-03,H31,D045
P619,LAB01,144.72,3,2025-08-05,H38,D110
P1015,CONS01,435.55,3,2025-06-28,H26,D020
P336,LAB01,126.18,1,2025-07-10,H27,D035
P1839,LAB01,142.61,1,2025-06-12,H46,D134
P1141,XRAY02,284.53,2,2025-04-10,H46,D091
P1148,LAB01,134.51,3,2025-07-06,H31,D009
P399,MRI07,2763.11,2,2025-10-22,H24,D180
P793,SURG05,5526.43,2,2025-03-08,H13,D156
P1828,XRAY02,292.19,1,2025-03-14,H25,D019
P715,SURG05,5060.1,3,2025-08-20,H37,D103
P51,SURG05,5005.38,1,2025-07-08,H41,D085
P1807,CONS01,521.25,3,2025-02-19,H25,D063
P324,CONS01,423.0,1,2025-11-05,H29,D095
P789,XRAY02,296.54,3,2025-10-29,H31,D135
P141,CONS01,585.34,2,2025-11-04,H43,D037
P470,CONS01,457.2,3,2025-05-04,H39,D089
P787,CONS01,562.26,3,2025-06-06,H02,D092
P1826,SURG05,5671.25,1,2025-09-18,H12,D036
P1358,XRAY02,303.55,3,2025-07-14,H05,D017
P1917,SURG05,5265.06,3,2025-11-26,H27,D090
P964,MRI07,2788.56,3,2025-12-17,H34,D092
P1008,SURG05,4880.71,3,2025-11-27,H14,D165
P373,MRI07,1546.38,2,2025-09-13,H07,D188
P1588,LAB01,127.39,1,2025-07-19,H37,D049
P494,LAB01,95.11,3,2025-03-09,H36,D081
P1563,MRI07,2305.45,1,2025-03-21,H10,D184
P1693,MRI07,2463.15,2,2025-08-21,H29,D034
P751,SURG05,5254.99,2,2025-07-05,H16,D158
P1180,MRI07,2725.24,3,2025-04-15,H38,D155
P291,XRAY02,252.09,1,2025-11-21,H21,D179
P1672,LAB01,100.77,1,2025-05-22,H38,D137
P1168,LAB01,126.17,1,2025-09-29,H41,D020
P106,MRI07,2898.93,2,2025-12-09,H33,D175
P1444,CONS01,488.9,2,2025-05-04,H29,D147
P670,CONS01,499.55,3,2025-08-11,H48,D068
P1682,MRI07,1740.76,1,2025-06-23,H17,D077
P2,XRAY02,321.63,1,2025-07-10,H13,D102
P1969,CONS01,524.58,2,2025-05-20,H06,D140
P589,MRI07,2996.04,3,2025-10-24,H02,D125
P644,XRAY02,298.46,3,2025-04-29,H08,D073
P90,XRAY02,378.35,3,2025-10-02,H32,D079
P1369,SURG05,4545.88,2,2025-03-17,H36,D113
P350,XRAY02,304.52,1,2025-04-19,H09,D133
P1483,CONS01,592.92,3,2025-04-29,H23,D197
P1287,CONS01,548.66,3,2025-09-15,H07,D025
P1375,MRI07,2581.05,1,2025-01-20,H31,D101
P1132,MRI07,2203.5,3,2025-04-29,H21,D031
P1610,XRAY02,242.78,2,2025-12-17,H01,D174
P1063,LAB01,99.08,3,2025-05-17,H46,D034
P909,SURG05,4457.57,1,2025-10-04,H02,D169
P159,LAB01,139.95,2,2025-09-12,H40,D068
P1607,XRAY02,342.13,3,2025-09-21,H11,D122
P959,XRAY02,388.8,1,2025-06-16,H37,D166
P312,LAB01,120.66,1,2025-06-14,H18,D046
P1265,SURG05,4721.97,1,2025-01-29,H44,D069
P1962,LAB01,128.78,1,2025-02-04,H24,D027
P445,MRI07,2266.33,3,2025-08-25,H19,D171
P298,CONS01,461.23,3,2025-10-21,H05,D199
P952,MRI07,2071.06,2,2025-03-31,H29,D045
P36,CONS01,556.23,2,2025-07-22,H39,D018
P1108,XRAY02,45.02,1,2025-08-16,H02,D032
P1476,SURG05,4843.06,1,2025-03-09,H17,D002
P1910,LAB01,125.01,2,2025-05-11,H45,D169
P1799,SURG05,3636.48,3,2025-12-31,H11,D020
P1846,LAB01,141.08,3,2025-04-21,H37,D186
P1409,MRI07,2495.19,3,2025-01-12,H13,D038
P1196,MRI07,2852.82,1,2025-10-15,H29,D001
P1400,LAB01,102.39,2,2025-06-24,H32,D197
P1709,SURG05,4474.51,2,2025-11-15,H45,D182
P1386,LAB01,119.32,2,2025-06-03,H40,D142
P559,XRAY02,268.09,3,2025-02-12,H43,D153
P891,MRI07,1995.89,2,2025-12-29,H08,D137
P141,XRAY02,234.46,2,2025-07-24,H10,D189
P887,MRI07,2163.86,3,2025-06-21,H25,D180
P1942,MRI07,2417.72,1,2025-10-21,H11,D136
P1142,CONS01,490.08,1,2025-10-12,H28,D016
P1301,XRAY02,302.56,3,2025-11-07,H33,D114
P726,XRAY02,315.81,2,2025-02-21,H39,D008
P1244,CONS01,413.73,1,2025-04-25,H26,D023
P1929,SURG05,5345.23,1,2025-01-19,H08,D073
P1050,XRAY02,291.47,1,2025-02-04,H38,D034
P521,LAB01,135.62,3,2025-02-17,H26,D018
P1807,CONS01,441.63,1,2025-08-21,H32,D109
P10,XRAY02,335.32,2,2025-08-07,H46,D044
P984,SURG05,6381.5,3,2025-04-20,H28,D143
P378,XRAY02,317.75,3,2025-09-11,H07,D015
P1657,MRI07,11510.74,1,2025-07-07,H35,D093
P1661,LAB01,88.99,2,2025-01-31,H02,D127
P682,CONS01,541.74,3,2025-09-16,H22,D121
P584,MRI07,2583.64,1,2025-06-12,H22,D023
P152,SURG05,5538.02,2,2025-12-10,H03,D193
P720,MRI07,2623.82,2,2025-11-04,H46,D071
P1073,MRI07,1867.53,3,2025-03-12,H45,D109
P1178,SURG05,4437.54,1,2025-11-03,H08,D032
P859,MRI07,3657.41,2,2025-02-25,H04,D114
P1317,CONS01,510.36,3,2025-04-09,H15,D160
P1604,XRAY02,297.0,3,2025-01-21,H44,D033
P50,MRI07,2238.48,3,2025-04-18,H46,D171
P664,CONS01,481.54,3,2025-02-22,H39,D013
P531,XRAY02,332.84,3,2025-01-06,H12,D116
P1636,XRAY02,254.33,2,2025-08-19,H29,D137
P1084,MRI07,2884.62,3,2025-03-23,H09,D190
P1191,CONS01,507.56,1,2025-08-05,H42,D185
P1226,MRI07,2809.29,1,2025-12-01,H40,D176
P857,SURG05,5321.24,2,2025-02-16,H20,D171
P146,XRAY02,333.96,3,2025-12-18,H34,D067
P915,MRI07,2648.28,3,2025-12-28,H26,D032
P1700,XRAY02,318.02,2,2025-08-29,H48,D073
P1994,CONS01,514.8,3,2025-06-27,H21,D105
P993,LAB01,136.63,3,2025-03-23,H23,D188
P1463,MRI07,2289.03,1,2025-10-14,H18,D129
P242,MRI07,2054.12,3,2025-07-11,H24,D185
P581,XRAY02,419.6,2,2025-05-23,H42,D113
P687,CONS01,535.09,1,2025-11-10,H29,D106
P1585,SURG05,5561.87,2,2025-10-06,H38,D069
P483,CONS01,483.38,2,2025-02-10,H38,D069
P1132,MRI07,3863.41,3,2025-09-28,H13,D196
P1250,SURG05,4022.85,3,2025-03-28,H32,D061
P673,CONS01,445.43,1,2025-01-03,H19,D008
P631,LAB01,113.47,2,2025-07-30,H17,D007
P661,XRAY02,295.57,2,2025-01-01,H02,D165
P662,CONS01,540.0,3,2025-03-16,H18,D170
P1456,CONS01,541.44,2,2025-08-19,H39,D160
P805,LAB01,96.42,2,2025-03-17,H27,D145
P1679,MRI07,2427.26,2,2025-09-17,H14,D156
P419,XRAY02,79.81,2,2025-01-25,H15,D070
P988,CONS01,496.1,2,2025-07-19,H08,D176
P1479,SURG05,4243.65,1,2025-04-04,H09,D054
P1184,CONS01,572.52,2,2025-12-18,H21,D170
P1547,XRAY02,304.1,2,2025-04-18,H43,D036
P650,CONS01,452.7,1,2025-12-21,H35,D066
P969,LAB01,95.35,3,2025-04-05,H14,D159
P590,CONS01,533.44,3,2025-12-22,H27,D193
P1101,CONS01,558.47,1,2025-04-01,H08,D003
P509,SURG05,5728.63,1,2025-02-13,H35,D013
P441,LAB01,116.19,3,2025-01-23,H18,D159
P1278,LAB01,117.53,2,2025-07-09,H14,D029
P921,CONS01,529.22,2,2025-01-23,H08,D057
P770,SURG05,4230.95,1,2025-08-22,H49,D161
P1344,CONS01,558.65,2,2025-07-05,H08,D181
P1827,CONS01,535.85,1,2025-11-07,H37,D010
P263,XRAY02,273.98,3,2025-11-29,H44,D063
P1621,XRAY02,302.3,2,2025-03-04,H02,D073
P1682,SURG05,4959.24,3,2025-04-13,H17,D193
P1859,MRI07,2255.73,2,2025-11-12,H13,D108
P1578,XRAY02,343.5,2,2025-07-08,H14,D101
P1398,MRI07,1575.21,2,2025-12-02,H41,D096
P637,LAB01,136.34,1,2025-07-08,H41,D097
P1191,XRAY02,342.25,3,2025-12-17,H09,D002
P1961,XRAY02,302.33,1,2025-03-10,H27,D110
P1777,SURG05,3113.73,1,2025-04-24,H20,D130
P459,MRI07,1897.14,3,2025-04-14,H38,D123
P999,XRAY02,273.98,3,2025-04-18,H12,D197
P1304,XRAY02,307.4,1,2025-12-11,H42,D116
P700,SURG05,5785.0,1,2025-01-21,H22,D037
P302,SURG05,4163.23,1,2025-09-23,H37,D130
P1555,MRI07,2576.44,3,2025-12-09,H39,D061
P1604,LAB01,87.42,1,2025-07-28,H31,D040
P1242,LAB01,145.6,3,2025-06-19,H13,D191
P1126,CONS01,443.52,1,2025-07-13,H01,D025
P554,XRAY02,298.56,3,2025-12-13,H38,D123
P288,MRI07,2566.79,1,2025-05-03,H40,D166
P1191,XRAY02,305.54,2,2025-06-26,H09,D037
P621,MRI07,1930.28,2,2025-01-04,H39,D027
P1006,MRI07,2331.53,3,2025-07-07,H10,D084
P36,MRI07,1959.78,3,2025-12-12,H29,D178
P744,XRAY02,303.04,2,2025-12-18,H40,D162
P1765,SURG05,4402.19,3,2025-01-29,H30,D044
P353,XRAY02,296.25,3,2025-03-27,H02,D072
P1700,MRI07,2655.35,2,2025-02-16,H18,D132
P1923,CONS01,491.22,1,2025-03-18,H28,D180
P73,LAB01,113.48,3,2025-12-09,H47,D055
P648,MRI07,2148.56,3,2025-07-10,H32,D073
P1377,CONS01,492.63,1,2025-01-31,H24,D012
P1915,SURG05,4222.99,1,2025-11-03,H38,D142
P1094,MRI07,2725.58,3,2025-06-18,H14,D163
P425,CONS01,507.11,3,2025-02-05,H25,D006
P999,MRI07,2493.4,1,2025-09-02,H25,D047
P708,XRAY02,368.07,3,2025-12-17,H32,D151
P1805,CONS01,569.88,1,2025-07-07,H27,D115
P561,XRAY02,249.01,1,2025-01-15,H32,D068
P828,XRAY02,318.06,3,2025-11-30,H31,D193
P1666,CONS01,490.46,3,2025-08-04,H24,D059
P956,LAB01,124.8,1,2025-06-07,H35,D137
P517,CONS01,473.34,3,2025-06-04,H30,D119
P428,LAB01,673.76,1,2025-08-29,H33,D186
P1563,MRI07,3353.97,2,2025-10-23,H33,D048
P160,MRI07,3060.44,2,2025-02-14,H46,D191
P149,CONS01,361.43,1,2025-06-24,H27,D009
P776,MRI07,2302.24,1,2025-12-12,H33,D172
P1254,SURG05,5902.94,3,2025-02-25,H33,D046
P1736,XRAY02,264.33,1,2025-02-23,H04,D143
P1586,XRAY02,365.86,1,2025-12-07,H30,D181
P67,LAB01,116.77,3,2025-09-22,H44,D176
P1014,MRI07,1709.77,3,2025-08-27,H15,D072
P1836,LAB01,96.2,2,2025-11-17,H29,D128
P381,XRAY02,321.71,1,2025-04-18,H28,D170
P58,XRAY02,321.72,1,2025-07-17,H32,D110
P1283,MRI07,2950.08,2,2025-08-02,H36,D145
P342,SURG05,4384.68,1,2025-09-03,H30,D035
P1862,SURG05,4583.57,3,2025-02-07,H42,D159
P1154,MRI07,2103.04,1,2025-06-22,H43,D132
P727,MRI07,2726.22,3,2025-04-15,H38,D048
P1196,LAB01,108.41,1,2025-02-09,H42,D142
P770,MRI07,17307.97,2,2025-05-10,H12,D153
P614,SURG05,5407.94,3,2025-06-30,H03,D046
P1233,MRI07,2789.19,3,2025-07-13,H15,D048
P1827,LAB01,143.43,2,2025-11-27,H48,D168
P354,LAB01,87.32,3,2025-10-16,H10,D178
P1495,LAB01,702.34,2,2025-12-07,H22,D007
P1822,LAB01,127.26,1,2025-02-28,H23,D095
P116,CONS01,446.03,2,2025-12-17,H11,D060
P1288,MRI07,1987.74,1,2025-01-26,H16,D035
P662,XRAY02,305.0,3,2025-04-13,H49,D191
P1836,MRI07,2316.1,3,2025-01-21,H46,D148
P1466,CONS01,532.07,2,2025-03-21,H16,D144
P1572,LAB01,101.86,1,2025-11-23,H14,D150
P453,CONS01,469.45,2,2025-07-18,H06,D164
P1869,SURG05,4063.02,3,2025-11-18,H42,D019
P1501,SURG05,6384.09,3,2025-02-06,H17,D130
P287,MRI07,1368.96,1,2025-01-14,H31,D068
P1327,MRI07,3165.9,1,2025-08-09,H42,D098
P1017,XRAY02,355.39,3,2025-12-30,H10,D007
P311,XRAY02,283.65,3,2025-06-15,H46,D047
P208,SURG05,4441.91,1,2025-06-22,H20,D177
P618,LAB01,117.52,2,2025-05-30,H49,D043
P446,CONS01,449.95,2,2025-06-21,H09,D032
P670,XRAY02,284.18,1,2025-03-22,H15,D145
P633,XRAY02,338.12,1,2025-12-02,H39,D128
P55,LAB01,88.45,1,2025-08-13,H02,D119
P912,LAB01,131.46,3,2025-12-25,H04,D014
P1036,MRI07,2409.73,2,2025-02-04,H24,D081
P657,CONS01,608.63,1,2025-12-24,H18,D160
P1424,LAB01,119.71,2,2025-07-07,H11,D188
P1932,XRAY02,264.74,3,2025-08-12,H37,D188
P1672,XRAY02,281.31,3,2025-05-11,H26,D052
P980,SURG05,4673.93,1,2025-12-17,H08,D194
P515,LAB01,146.55,1,2025-11-07,H22,D004
P1680,MRI07,2444.57,1,2025-01-09,H05,D191
P1566,CONS01,508.66,1,2025-03-10,H02,D033
P237,MRI07,2294.04,2,2025-01-28,H05,D106
P1303,XRAY02,260.22,1,2025-08-22,H35,D129
P348,MRI07,1737.0,2,2025-01-31,H32,D097
P627,XRAY02,356.42,3,2025-11-11,H44,D064
P1128,XRAY02,308.72,3,2025-08-20,H19,D128
P630,XRAY02,284.93,2,2025-12-04,H39,D037
P1541,XRAY02,298.99,2,2025-02-23,H04,D126
P1896,XRAY02,303.08,1,2025-06-24,H23,D070
P1272,SURG05,5633.08,1,2025-10-25,H46,D135
P364,MRI07,1966.83,1,2025-10-06,H19,D104
P321,SURG05,5818.44,3,2025-12-31,H26,D152
P1657,SURG05,4627.56,2,2025-03-27,H26,D114
P286,LAB01,123.4,2,2025-03-06,H07,D196
P149,LAB01,95.67,2,2025-03-30,H32,D055
P1108,LAB01,95.31,2,2025-02-23,H47,D121
P1990,CONS01,437.99,1,2025-04-28,H33,D123
P406,LAB01,84.68,1,2025-12-27,H44,D003
P978,MRI07,2649.41,2,2025-08-17,H26,D092
P456,SURG05,4932.04,1,2025-09-24,H24,D151
P1767,MRI07,2332.18,3,2025-11-15,H23,D164
P800,LAB01,97.46,1,2025-01-22,H38,D185
P1185,CONS01,573.07,3,2025-09-04,H26,D119
P1013,CONS01,398.96,3,2025-11-10,H45,D176
P784,SURG05,5474.53,2,2025-01-20,H31,D141
P460,MRI07,1931.39,2,2025-07-03,H06,D061
P1574,XRAY02,320.43,1,2025-12-15,H45,D152
P1524,MRI07,3062.86,2,2025-02-19,H31,D171
P738,LAB01,658.46,3,2025-03-31,H47,D101
P509,XRAY02,270.42,3,2025-04-14,H48,D116
P1678,CONS01,503.48,1,2025-07-13,H40,D033
P1828,SURG05,5205.65,3,2025-03-15,H45,D078
P481,SURG05,4315.42,2,2025-09-26,H45,D024
P1687,CONS01,520.04,1,2025-01-15,H12,D150
P114,LAB01,90.45,1,2025-11-25,H17,D052
P749,CONS01,508.26,1,2025-10-10,H26,D101
P1602,LAB01,84.91,2,2025-07-17,H03,D116
P361,XRAY02,406.23,3,2025-12-10,H15,D123
P341,CONS01,545.26,2,2025-07-14,H49,D006
P770,LAB01,101.13,1,2025-02-05,H38,D147
P761,XRAY02,296.47,3,2025-07-24,H24,D076
P969,CONS01,441.27,1,2025-11-04,H30,D090
P449,SURG05,5350.37,2,2025-05-19,H44,D157
P1867,CONS01,551.21,1,2025-09-21,H36,D123
P835,MRI07,3050.86,2,2025-02-26,H44,D064
P1204,CONS01,551.38,1,2025-04-20,H27,D142
P1726,MRI07,2932.52,1,2025-06-23,H22,D081
P1431,XRAY02,307.26,1,2025-07-25,H02,D158
P1690,CONS01,495.32,2,2025-08-13,H07,D071
P1220,XRAY02,286.18,2,2025-03-05,H16,D149
P1490,XRAY02,266.09,2,2025-09-09,H24,D065
P311,LAB01,111.39,2,2025-09-24,H30,D113
P262,XRAY02,278.8,2,2025-12-18,H44,D102
P1443,XRAY02,243.99,3,2025-11-28,H48,D004
P406,CONS01,482.4,1,2025-11-16,H46,D174
P1963,CONS01,486.97,2,2025-12-23,H01,D136
P143,SURG05,4033.89,3,2025-04-03,H27,D146
P342,LAB01,133.78,3,2025-07-02,H09,D060
P1340,XRAY02,305.22,1,2025-10-27,H07,D045
P1125,LAB01,93.78,1,2025-08-02,H05,D072
P244,MRI07,2538.47,1,2025-05-22,H30,D095
P490,XRAY02,1629.88,2,2025-03-24,H42,D031
P12,LAB01,469.51,1,2025-04-09,H27,D156
P1263,SURG05,4504.2,1,2025-10-08,H10,D120
P561,SURG05,4279.26,1,2025-04-12,H25,D064
P42,XRAY02,383.4,3,2025-11-25,H18,D165
P678,MRI07,2821.75,2,2025-03-12,H07,D067
P594,SURG05,5204.89,1,2025-12-04,H31,D109
P1453,SURG05,566.97,3,2025-09-23,H32,D068
P1827,MRI07,1696.31,2,2025-05-10,H45,D035
P1182,LAB01,94.16,1,2025-03-01,H11,D098
P1240,SURG05,4943.87,3,2025-10-28,H10,D036
P1694,CONS01,547.15,2,2025-04-29,H22,D185
P1486,SURG05,5715.95,1,2025-09-20,H31,D198
P134,LAB01,1165.84,1,2025-11-24,H41,D132
P1091,LAB01,130.51,3,2025-01-21,H47,D049
P1872,XRAY02,2986.92,1,2025-04-07,H14,D167
P1031,CONS01,439.66,3,2025-10-30,H03,D018
P948,LAB01,125.27,3,2025-01-01,H24,D060
P1550,MRI07,2211.16,3,2025-07-22,H14,D086
P73,CONS01,467.03,2,2025-05-08,H16,D138
P399,CONS01,469.8,3,2025-12-16,H28,D113
P1429,MRI07,3159.6,2,2025-05-12,H35,D023
P1699,SURG05,6049.88,1,2025-02-03,H40,D068
P578,MRI07,1708.84,2,2025-03-28,H02,D059
P859,MRI07,2111.49,3,2025-02-01,H34,D090
P130,SURG05,5092.97,1,2025-09-16,H18,D007
P931,SURG05,5112.72,3,2025-11-20,H07,D013
P1490,SURG05,4906.87,3,2025-11-09,H49,D131
P1230,SURG05,4893.06,1,2025-02-02,H38,D168
P1812,SURG05,6645.91,3,2025-10-13,H42,D011
P1792,MRI07,2726.03,2,2025-11-22,H07,D051
P266,XRAY02,219.78,1,2025-02-18,H04,D151
P1561,XRAY02,262.1,1,2025-10-13,H43,D032
P1986,LAB01,147.38,1,2025-03-23,H16,D169
P793,XRAY02,244.95,3,2025-05-24,H49,D042
P253,XRAY02,292.77,3,2025-10-07,H06,D166
P822,MRI07,2973.54,1,2025-04-02,H20,D195
P1313,SURG05,4856.12,2,2025-08-12,H31,D102
P164,SURG05,5751.7,3,2025-08-05,H19,D121
P95,MRI07,2608.74,3,2025-06-05,H22,D078
P1806,XRAY02,313.16,3,2025-10-04,H21,D072
P833,MRI07,1744.22,2,2025-01-08,H18,D106
P1134,LAB01,114.3,3,2025-02-05,H32,D119
P336,SURG05,4372.96,3,2025-05-04,H47,D170
P822,CONS01,102.8,2,2025-01-09,H34,D171
P238,LAB01,108.27,2,2025-02-09,H27,D033
P381,LAB01,137.58,3,2025-06-28,H38,D079
P1460,MRI07,2344.78,1,2025-05-09,H44,D165
P899,XRAY02,305.89,1,2025-03-09,H30,D078
P483,SURG05,4565.88,2,2025-06-03,H33,D119
P1961,CONS01,431.77,3,2025-01-03,H27,D057
P902,LAB01,115.62,2,2025-12-30,H23,D192
P1049,CONS01,572.5,2,2025-09-22,H43,D192
P1677,XRAY02,306.31,1,2025-01-04,H19,D188
P1141,XRAY02,252.92,2,2025-09-19,H31,D052
P482,CONS01,550.17,2,2025-11-25,H04,D072
P1416,SURG05,4134.61,3,2025-10-09,H19,D068
P917,XRAY02,254.3,3,2025-03-26,H38,D100
P994,CONS01,573.62,2,2025-12-08,H40,D082
P964,LAB01,103.81,2,2025-02-04,H22,D155
P537,CONS01,539.94,3,2025-04-24,H09,D059
P1103,CONS01,572.78,1,2025-02-28,H31,D019
P1604,MRI07,2307.08,3,2025-02-07,H10,D003
P1197,XRAY02,332.32,3,2025-02-02,H10,D039
P1980,SURG05,5518.69,3,2025-07-22,H30,D066
P1036,SURG05,3907.06,3,2025-07-21,H10,D073
P1824,MRI07,2488.62,3,2025-04-10,H36,D184
P128,SURG05,4880.77,1,2025-10-28,H18,D134
P1632,CONS01,491.07,3,2025-10-31,H44,D028
P92,MRI07,2360.75,3,2025-04-28,H43,D176
P1677,LAB01,123.05,1,2025-08-31,H48,D098
P543,XRAY02,312.43,2,2025-01-29,H19,D093
P846,XRAY02,304.32,1,2025-08-15,H43,D176
P1556,XRAY02,299.97,3,2025-12-06,H23,D195
P1682,CONS01,467.67,2,2025-08-01,H04,D182
P989,LAB01,153.29,1,2025-07-06,H12,D126
P1852,MRI07,1869.02,2,2025-04-23,H49,D016
P447,MRI07,949.74,1,2025-10-26,H24,D035
P390,XRAY02,310.71,1,2025-06-10,H13,D075
P672,LAB01,13.57,2,2025-01-19,H04,D107
P1885,LAB01,99.49,2,2025-09-21,H27,D087
P43,LAB01,115.9,2,2025-06-08,H38,D158
P254,SURG05,4602.17,2,2025-01-11,H39,D176
P1154,SURG05,6655.28,3,2025-01-08,H08,D069
P1084,XRAY02,373.55,1,2025-06-02,H26,D116
P663,LAB01,126.39,3,2025-04-23,H34,D008
P467,LAB01,126.26,1,2025-05-28,H09,D107
P287,MRI07,2492.6,3,2025-02-07,H10,D107
P1011,MRI07,2515.16,3,2025-05-15,H01,D114
P1541,XRAY02,315.28,1,2025-08-23,H48,D179
P1491,LAB01,141.86,3,2025-09-12,H08,D010
P1954,XRAY02,200.2,2,2025-03-15,H10,D028
P778,MRI07,3115.68,2,2025-11-24,H43,D164
P345,MRI07,2482.41,3,2025-12-28,H49,D060
P642,SURG05,5917.08,3,2025-10-03,H25,D010
P382,XRAY02,240.07,1,2025-07-28,H31,D142
P1803,XRAY02,243.98,1,2025-09-24,H39,D102
P690,LAB01,118.8,3,2025-05-24,H03,D063
P1277,LAB01,98.71,1,2025-02-11,H39,D175
P1951,SURG05,5339.72,2,2025-08-12,H38,D197
P1080,CONS01,523.91,2,2025-12-12,H35,D056
P1487,CONS01,451.07,2,2025-02-21,H08,D134
P457,CONS01,616.94,1,2025-11-04,H01,D147
P983,XRAY02,349.15,1,2025-05-17,H05,D180
P83,XRAY02,273.47,1,2025-07-14,H27,D190
P1929,MRI07,668.55,1,2025-04-05,H45,D128
P1123,XRAY02,238.62,3,2025-09-15,H26,D177
P149,XRAY02,279.27,3,2025-01-25,H43,D078
P1353,XRAY02,345.71,3,2025-08-20,H26,D139
P1180,SURG05,6258.04,3,2025-11-28,H11,D046
P190,XRAY02,328.15,2,2025-04-04,H34,D069
P1518,LAB01,96.73,1,2025-12-16,H41,D045
P883,LAB01,121.11,2,2025-08-09,H02,D095
P263,MRI07,2420.91,1,2025-10-24,H21,D108
P1104,SURG05,5509.97,3,2025-07-22,H26,D058
P400,LAB01,74.41,2,2025-12-09,H12,D160
P764,SURG05,5392.01,1,2025-03-22,H09,D115
P609,SURG05,5542.66,3,2025-07-24,H41,D010
P1284,MRI07,17832.82,1,2025-03-18,H23,D141
P1796,SURG05,4668.72,1,2025-02-07,H42,D111
P1639,XRAY02,394.16,3,2025-07-14,H05,D013
P1576,SURG05,4307.46,2,2025-02-11,H09,D036
P785,MRI07,2967.38,1,2025-07-01,H10,D086
P101,MRI07,3581.12,3,2025-09-02,H49,D128
P1383,MRI07,1847.05,1,2025-07-14,H10,D122
P1404,LAB01,139.19,1,2025-03-19,H14,D147
P820,XRAY02,305.31,1,2025-11-16,H36,D118
P1245,LAB01,28.74,2,2025-05-05,H10,D135
P820,CONS01,448.36,2,2025-05-21,H37,D015
P420,XRAY02,328.39,2,2025-01-27,H41,D081
P124,SURG05,4946.59,2,2025-11-11,H38,D046
P422,MRI07,2451.81,3,2025-11-17,H48,D048
P1255,CONS01,451.09,2,2025-10-08,H22,D066
P1714,XRAY02,314.72,1,2025-10-20,H23,D004
P1087,LAB01,16.12,3,2025-08-30,H16,D003
P1509,MRI07,3767.74,1,2025-08-24,H11,D003
P1652,LAB01,100.22,2,2025-07-22,H47,D069
P1727,XRAY02,330.62,1,2025-11-23,H35,D093
P1598,XRAY02,282.49,1,2025-05-22,H48,D028
P768,CONS01,534.12,1,2025-04-04,H20,D023
P483,SURG05,4906.95,1,2025-06-01,H37,D030
P519,LAB01,108.9,2,2025-09-10,H41,D062
P155,CONS01,474.85,1,2025-03-08,H05,D087
P92,MRI07,1329.7,1,2025-06-25,H36,D051
P982,SURG05,4881.93,1,2025-04-13,H13,D041
P1550,CONS01,521.91,1,2025-04-01,H17,D064
P455,LAB01,140.53,2,2025-07-12,H26,D043
P1765,XRAY02,347.02,1,2025-06-15,H44,D091
P598,MRI07,2368.62,3,2025-03-31,H20,D058
P1669,LAB01,143.8,3,2025-11-22,H39,D059
P510,SURG05,6456.7,1,2025-11-11,H33,D168
P1207,SURG05,3971.67,1,2025-09-25,H30,D174
P386,XRAY02,275.86,2,2025-02-20,H16,D062
P1598,XRAY02,381.59,3,2025-06-15,H07,D177
P1755,MRI07,2907.3,2,2025-06-23,H30,D116
P405,MRI07,2339.57,1,2025-08-15,H02,D111
P246,XRAY02,295.12,3,2025-09-23,H12,D023
P742,XRAY02,337.53,3,2025-01-09,H43,D172
P1615,SURG05,4331.82,2,2025-03-28,H40,D172
P661,XRAY02,296.31,1,2025-04-04,H01,D019
P650,CONS01,141.09,3,2025-02-21,H03,D172
P1495,LAB01,115.41,2,2025-06-28,H08,D011
P1850,XRAY02,286.34,3,2025-10-05,H26,D060
P1912,MRI07,1995.28,1,2025-08-27,H40,D166
P1447,CONS01,501.6,1,2025-03-14,H11,D003
P901,MRI07,3258.99,1,2025-12-05,H21,D144
P65,CONS01,463.44,2,2025-03-13,H05,D009
P1037,XRAY02,250.7,1,2025-03-09,H40,D041
P213,LAB01,103.94,2,2025-01-05,H26,D038
P242,MRI07,2655.21,3,2025-12-05,H21,D069
P493,CONS01,492.34,1,2025-08-26,H09,D193
P1237,SURG05,5770.9,2,2025-05-01,H17,D035
P1717,XRAY02,311.93,2,2025-07-30,H37,D127
P338,LAB01,144.54,2,2025-09-19,H02,D163
P173,XRAY02,361.32,1,2025-11-21,H47,D048
P672,SURG05,4572.37,2,2025-02-27,H40,D107
P164,LAB01,101.55,1,2025-02-12,H28,D008
P465,SURG05,6034.2,1,2025-07-16,H27,D027
P995,XRAY02,251.01,3,2025-03-13,H40,D009
P497,CONS01,458.39,3,2025-04-01,H01,D158
P700,XRAY02,359.51,1,2025-02-06,H46,D014
P395,XRAY02,277.99,3,2025-11-10,H11,D151
P703,XRAY02,252.22,2,2025-08-25,H39,D029
P1941,MRI07,2618.63,1,2025-10-20,H18,D026
P308,SURG05,4777.47,3,2025-06-03,H27,D143
P1792,SURG05,4452.95,2,2025-06-19,H47,D115
P183,SURG05,5448.22,1,2025-09-29,H10,D073
P629,MRI07,1677.22,2,2025-04-20,H36,D081
P1818,CONS01,499.4,1,2025-05-31,H21,D067
P510,XRAY02,242.45,3,2025-05-11,H28,D144
P1732,CONS01,562.35,2,2025-09-25,H01,D141
P546,MRI07,3655.54,3,2025-01-23,H14,D090
P1588,SURG05,4336.36,2,2025-05-19,H20,D096
P624,XRAY02,309.81,2,2025-11-04,H09,D152
P1788,LAB01,84.43,2,2025-08-27,H45,D118
P594,LAB01,89.92,2,2025-07-11,H27,D062
P744,CONS01,472.64,3,2025-05-07,H49,D185
P1251,SURG05,4721.47,2,2025-01-29,H04,D036
P1769,LAB01,106.61,3,2025-05-01,H37,D188
P1757,CONS01,492.18,2,2025-07-17,H18,D124
P1460,MRI07,2816.6,1,2025-06-23,H31,D022
P1949,CONS01,500.29,1,2025-05-24,H49,D105
P1446,CONS01,4675.34,2,2025-06-28,H39,D114
P554,CONS01,523.16,1,2025-12-23,H10,D110
P21,XRAY02,313.52,2,2025-01-11,H09,D003
P554,CONS01,482.77,3,2025-05-19,H28,D164
P397,CONS01,445.44,1,2025-09-10,H28,D097
P625,XRAY02,354.33,2,2025-12-11,H13,D036
P105,XRAY02,280.24,2,2025-11-10,H18,D010
P192,MRI07,3120.51,3,2025-01-19,H12,D100
P17,SURG05,4925.22,3,2025-06-09,H08,D021
P1144,LAB01,76.34,2,2025-11-02,H23,D177
P393,LAB01,110.78,2,2025-05-02,H05,D104
P425,CONS01,450.59,2,2025-03-13,H07,D115
P129,MRI07,3357.3,2,2025-02-24,H15,D137
P1154,CONS01,495.05,2,2025-06-18,H03,D112
P572,LAB01,121.7,2,2025-04-09,H18,D120
P1584,XRAY02,257.58,3,2025-03-11,H38,D079
P29,SURG05,4982.38,1,2025-05-29,H26,D180
P1121,MRI07,2540.73,2,2025-04-27,H38,D096
P1034,XRAY02,245.88,2,2025-01-26,H33,D176
P242,SURG05,5538.17,3,2025-09-05,H21,D188
P1850,MRI07,2261.27,1,2025-07-28,H17,D108
P1980,MRI07,2480.61,3,2025-08-15,H43,D119
P232,LAB01,101.08,3,2025-04-24,H02,D178
P789,XRAY02,294.65,2,2025-07-13,H25,D167
P1308,MRI07,3138.65,2,2025-11-17,H41,D144
P715,MRI07,1403.31,3,2025-01-10,H19,D028
P759,SURG05,4955.81,2,2025-04-05,H38,D006
P802,LAB01,82.94,2,2025-05-01,H25,D061
P776,CONS01,554.89,2,2025-05-06,H39,D006
P1979,LAB01,80.11,1,2025-02-06,H04,D122
P726,CONS01,445.28,1,2025-03-10,H03,D194
P200,XRAY02,350.48,2,2025-10-24,H34,D105
P945,XRAY02,283.14,3,2025-06-23,H42,D168
P79,MRI07,710.52,1,2025-02-14,H10,D199
P1937,XRAY02,286.57,3,2025-05-03,H49,D062
P956,MRI07,2285.88,2,2025-01-27,H27,D028
P1879,LAB01,105.89,3,2025-07-12,H48,D080
P856,XRAY02,308.96,3,2025-12-06,H26,D175
P1197,LAB01,128.66,1,2025-05-16,H27,D009
P467,LAB01,113.98,3,2025-07-14,H01,D180
P581,XRAY02,241.1,3,2025-02-18,H44,D015
P1440,LAB01,137.21,1,2025-04-06,H20,D162
P940,XRAY02,234.83,2,2025-05-01,H25,D020
P449,XRAY02,283.94,3,2025-09-06,H10,D060
P87,XRAY02,296.11,2,2025-08-05,H01,D186
P101,CONS01,449.31,2,2025-04-24,H16,D075
P1032,LAB01,96.32,2,2025-01-14,H11,D094
P845,SURG05,4673.05,1,2025-03-03,H04,D067
P1224,XRAY02,338.82,2,2025-02-12,H35,D002
P1529,LAB01,128.7,3,2025-08-28,H13,D178
P87,MRI07,3293.45,2,2025-04-06,H21,D142
P43,XRAY02,307.35,2,2025-01-27,H15,D184
P1409,XRAY02,372.75,2,2025-11-20,H10,D197
P1645,SURG05,6056.98,3,2025-08-30,H38,D044
P1459,CONS01,502.5,2,2025-08-28,H11,D174
P408,CONS01,551.0,2,2025-10-31,H32,D134
P1507,XRAY02,378.3,2,2025-03-08,H33,D136
P664,LAB01,134.86,1,2025-10-08,H20,D039
P1041,MRI07,2047.81,3,2025-07-11,H36,D093
P1669,MRI07,2187.44,1,2025-04-29,H30,D044
P148,LAB01,141.06,3,2025-06-01,H10,D027
P277,XRAY02,251.93,2,2025-09-22,H15,D016
P232,MRI07,3000.77,3,2025-08-19,H29,D039
P1850,CONS01,531.61,3,2025-12-17,H01,D129
P1951,LAB01,109.95,3,2025-09-06,H21,D179
P366,SURG05,606.04,3,2025-02-28,H15,D191
P1252,XRAY02,294.37,1,2025-01-17,H03,D033
P1675,LAB01,120.41,3,2025-06-20,H33,D050
P436,MRI07,1999.05,1,2025-12-17,H38,D103
P399,XRAY02,318.16,1,2025-05-12,H19,D182
P1235,CONS01,551.93,2,2025-12-23,H04,D027
P1415,XRAY02,292.03,3,2025-05-16,H12,D124
P499,XRAY02,296.82,2,2025-02-11,H25,D086
P540,CONS01,516.65,3,2025-11-01,H34,D147
P563,CONS01,3467.05,1,2025-01-06,H17,D028
P1515,XRAY02,334.89,1,2025-11-25,H06,D151
P442,CONS01,446.33,1,2025-06-19,H12,D064
P1285,LAB01,134.37,3,2025-10-15,H15,D167
P773,CONS01,485.81,3,2025-12-04,H17,D049
P350,CONS01,477.91,3,2025-08-03,H01,D187
P1376,XRAY02,345.7,3,2025-03-10,H14,D148
P520,LAB01,155.75,3,2025-01-27,H02,D189
P1344,SURG05,3446.6,2,2025-08-13,H04,D111
P138,SURG05,5526.31,3,2025-11-18,H02,D128
P1574,MRI07,1780.74,2,2025-08-22,H26,D009
P1647,CONS01,510.65,3,2025-02-20,H46,D023
P992,CONS01,463.37,3,2025-05-29,H40,D135
P368,LAB01,160.98,3,2025-03-16,H33,D159
P1244,SURG05,5607.36,3,2025-11-02,H48,D060
P1361,MRI07,2054.7,1,2025-04-02,H39,D061
P1247,LAB01,113.48,1,2025-03-09,H06,D075
P1672,CONS01,497.1,2,2025-08-23,H30,D154
P1792,SURG05,4071.89,2,2025-12-28,H22,D100
P360,MRI07,2561.21,3,2025-05-24,H27,D054
P921,XRAY02,343.36,3,2025-03-17,H19,D031
P329,SURG05,3609.76,3,2025-03-27,H10,D169
P962,MRI07,2250.49,3,2025-08-15,H06,D028
P463,LAB01,148.44,1,2025-12-29,H26,D090
P946,XRAY02,377.95,2,2025-02-25,H42,D006
P963,MRI07,2743.15,2,2025-03-21,H03,D034
P1585,MRI07,2007.53,2,2025-01-24,H03,D092
P1828,CONS01,536.36,1,2025-08-15,H06,D108
P1406,SURG05,5721.52,3,2025-01-28,H49,D009
P836,CONS01,508.91,1,2025-05-01,H10,D093
P1614,XRAY02,279.87,1,2025-04-03,H38,D098
P1641,MRI07,2826.02,2,2025-12-07,H13,D012
P169,CONS01,490.81,1,2025-04-22,H38,D016
P217,SURG05,5592.76,2,2025-12-11,H12,D071
P378,XRAY02,260.66,1,2025-01-31,H46,D159
P119,LAB01,102.0,2,2025-05-23,H49,D161
P190,CONS01,533.49,2,2025-10-25,H27,D135
P767,XRAY02,260.72,3,2025-08-15,H08,D003
P370,LAB01,117.55,2,2025-12-24,H05,D148
P1802,CONS01,487.69,1,2025-09-07,H36,D005
P149,XRAY02,255.17,2,2025-02-19,H38,D195
P1700,XRAY02,271.02,1,2025-08-02,H43,D038
P652,CONS01,4473.86,2,2025-09-26,H30,D079
P1883,XRAY02,220.28,3,2025-10-15,H37,D099
P1512,MRI07,2757.74,3,2025-07-14,H29,D184
P770,CONS01,501.96,1,2025-09-11,H22,D151
P374,XRAY02,308.06,2,2025-03-20,H14,D002
P781,LAB01,128.36,1,2025-09-01,H10,D100
P1717,LAB01,118.03,3,2025-04-01,H11,D149
P160,MRI07,2175.07,1,2025-01-06,H35,D142
P351,CONS01,432.42,1,2025-10-08,H23,D190
P1936,XRAY02,346.03,2,2025-05-30,H08,D139
P1312,XRAY02,68.2,3,2025-11-20,H21,D132
P1312,LAB01,146.49,3,2025-10-09,H37,D047
P892,MRI07,2320.8,2,2025-07-10,H28,D116
P1250,LAB01,102.76,2,2025-10-01,H31,D094
P523,LAB01,105.79,2,2025-03-14,H28,D100
P522,MRI07,2869.75,3,2025-11-14,H42,D020
P783,CONS01,521.48,3,2025-03-09,H27,D180
P273,XRAY02,293.71,2,2025-10-31,H40,D016
P936,CONS01,138.38,1,2025-03-04,H21,D173
P1426,SURG05,3943.65,3,2025-05-14,H09,D136
P183,SURG05,4767.94,2,2025-11-03,H29,D190
P1993,SURG05,4257.97,2,2025-09-25,H15,D149
P1689,MRI07,2595.16,1,2025-08-11,H33,D064
P488,LAB01,125.55,2,2025-05-06,H37,D104
P1851,CONS01,549.88,1,2025-09-22,H47,D158
P846,XRAY02,227.88,1,2025-01-07,H36,D164
P124,SURG05,5126.6,3,2025-07-25,H28,D133
P985,CONS01,449.06,2,2025-06-28,H10,D038
P1650,SURG05,4305.96,3,2025-07-02,H23,D019
P790,SURG05,4389.95,3,2025-08-16,H28,D074
P414,XRAY02,236.16,3,2025-08-24,H34,D155
P1749,MRI07,2641.66,2,2025-05-26,H05,D141
P1196,LAB01,122.1,2,2025-02-27,H18,D137
P1312,MRI07,2265.03,2,2025-10-23,H06,D017
P1459,CONS01,504.61,3,2025-08-29,H42,D095
P686,MRI07,2604.79,1,2025-12-11,H47,D172
P113,CONS01,486.62,3,2025-10-14,H23,D045
P888,CONS01,436.33,1,2025-06-12,H28,D088
P1941,LAB01,116.44,2,2025-01-26,H41,D042
P122,XRAY02,235.56,2,2025-04-16,H13,D051
P1568,LAB01,121.97,3,2025-08-28,H25,D186
P1246,MRI07,2711.43,1,2025-12-06,H07,D113
P1655,CONS01,458.73,2,2025-11-28,H02,D186
P39,SURG05,4589.23,2,2025-02-11,H16,D158
P497,SURG05,5896.79,3,2025-05-13,H02,D133
P780,CONS01,532.38,3,2025-11-13,H36,D008
P1257,LAB01,125.39,3,2025-02-13,H02,D037
P943,XRAY02,289.92,1,2025-02-04,H49,D047
P1554,LAB01,90.65,1,2025-12-30,H38,D100
P149,CONS01,417.27,2,2025-12-13,H10,D089
P1421,CONS01,440.55,3,2025-01-01,H14,D173
P1022,XRAY02,253.91,2,2025-08-14,H27,D133
P661,MRI07,3217.64,1,2025-10-26,H15,D191
P1662,MRI07,3007.53,2,2025-10-15,H21,D086
P1928,XRAY02,228.14,2,2025-08-24,H12,D175
P302,MRI07,1887.56,3,2025-12-25,H43,D025
P1384,SURG05,5080.39,2,2025-02-02,H33,D126
P238,MRI07,2558.04,3,2025-04-05,H40,D178
P647,MRI07,2429.83,2,2025-07-24,H22,D173
P663,MRI07,2632.8,2,2025-04-19,H38,D116
P236,SURG05,5817.77,1,2025-11-18,H44,D120
P1760,MRI07,2531.11,1,2025-01-30,H48,D030
P203,SURG05,5212.9,2,2025-09-23,H18,D048
P256,XRAY02,320.15,2,2025-01-23,H44,D179
P598,LAB01,143.49,3,2025-04-07,H02,D094
P662,XRAY02,320.57,1,2025-02-08,H29,D055
P235,LAB01,105.43,1,2025-06-22,H07,D183
P1369,XRAY02,316.6,2,2025-09-05,H31,D046
P534,LAB01,105.32,3,2025-06-11,H41,D031
P860,LAB01,134.76,1,2025-06-29,H18,D162
P1821,CONS01,540.03,2,2025-04-13,H09,D092
P1805,LAB01,95.8,2,2025-07-28,H08,D074
P1490,LAB01,102.9,2,2025-01-22,H33,D196
P770,CONS01,4589.16,2,2025-01-05,H05,D161
P541,MRI07,3268.87,2,2025-05-19,H48,D056
P213,MRI07,2196.93,1,2025-08-02,H14,D186
P463,CONS01,593.13,1,2025-06-09,H13,D122
P436,SURG05,4627.26,3,2025-05-19,H11,D057
P283,LAB01,137.24,2,2025-05-25,H20,D017
P1586,LAB01,115.33,3,2025-06-09,H23,D139
P1631,CONS01,495.47,2,2025-03-24,H45,D199
P1487,CONS01,129.67,2,2025-06-04,H27,D017
P1431,SURG05,6008.3,2,2025-10-15,H15,D105
P88,MRI07,2219.13,3,2025-11-13,H30,D138
P1068,XRAY02,320.03,2,2025-10-08,H16,D154
P461,MRI07,1612.48,3,2025-03-05,H45,D134
P278,LAB01,87.93,1,2025-07-11,H40,D081
P1707,CONS01,541.0,2,2025-06-05,H18,D016
P421,SURG05,4136.98,3,2025-04-01,H47,D103
P1725,MRI07,453.06,1,2025-05-22,H42,D090
P1377,SURG05,4662.21,2,2025-02-11,H23,D004
P696,MRI07,3319.97,1,2025-09-06,H36,D062
P515,LAB01,115.56,2,2025-10-22,H38,D192
P703,XRAY02,2297.9,3,2025-09-15,H08,D056
P1654,SURG05,4871.19,2,2025-12-03,H39,D151
P19,SURG05,5761.79,2,2025-01-01,H29,D033
P23,XRAY02,237.99,3,2025-04-19,H12,D031
P413,SURG05,4498.22,3,2025-05-05,H18,D135
P1054,SURG05,6037.31,3,2025-03-05,H19,D133
P1831,MRI07,2133.25,2,2025-07-25,H36,D165
P108,MRI07,2360.93,1,2025-12-04,H33,D001
P1391,XRAY02,338.95,3,2025-09-01,H05,D198
P1305,LAB01,677.92,1,2025-03-19,H39,D045
P1152,SURG05,4597.79,3,2025-04-21,H28,D047
P1253,LAB01,33.96,3,2025-05-22,H26,D196
P1135,XRAY02,249.81,2,2025-08-04,H43,D030
P136,XRAY02,295.25,3,2025-01-16,H21,D081
P362,MRI07,1980.38,1,2025-02-23,H23,D188
P1210,SURG05,5303.37,2,2025-05-21,H21,D024
P1680,CONS01,583.4,3,2025-12-02,H11,D031
P1608,XRAY02,345.78,1,2025-03-20,H42,D028
P129,SURG05,6413.6,2,2025-05-29,H39,D173
P1900,LAB01,95.09,1,2025-05-07,H16,D132
P1285,MRI07,2454.23,2,2025-06-07,H33,D189
P515,LAB01,129.74,2,2025-10-06,H27,D039
P449,XRAY02,289.59,2,2025-02-07,H01,D083
P1924,XRAY02,249.29,3,2025-06-06,H44,D152
P1128,LAB01,99.2,2,2025-11-29,H16,D071
P1507,XRAY02,245.7,3,2025-10-15,H05,D174
P1248,SURG05,4371.27,3,2025-04-22,H46,D181
P1856,XRAY02,267.12,3,2025-07-09,H18,D176
P874,MRI07,1994.64,3,2025-04-16,H41,D009
P1890,SURG05,6751.65,2,2025-04-01,H34,D022
P1515,CONS01,504.21,3,2025-12-20,H44,D127
P473,XRAY02,359.42,1,2025-10-28,H25,D002
P1034,XRAY02,277.32,1,2025-02-18,H42,D091
P1429,MRI07,2124.12,2,2025-06-10,H34,D016
P1920,MRI07,2420.27,3,2025-01-04,H15,D005
P302,LAB01,121.24,1,2025-07-17,H04,D140
P231,LAB01,105.45,1,2025-11-16,H04,D180
P1755,LAB01,130.98,3,2025-12-30,H25,D154
P923,MRI07,2730.92,3,2025-09-11,H41,D015
P1090,LAB01,134.2,2,2025-03-31,H13,D067
P937,LAB01,121.1,1,2025-11-08,H42,D073
P112,CONS01,464.92,2,2025-01-20,H46,D187
P1037,LAB01,99.3,1,2025-03-18,H25,D092
P1417,XRAY02,285.22,3,2025-08-08,H03,D167
P500,MRI07,2899.08,1,2025-06-11,H35,D063
P932,SURG05,4018.49,1,2025-12-09,H48,D100
P598,CONS01,490.41,1,2025-04-25,H09,D025
P234,MRI07,3234.73,3,2025-04-04,H14,D041
P602,MRI07,1724.6,3,2025-05-13,H22,D028
P314,XRAY02,246.85,1,2025-06-21,H48,D111
P566,LAB01,136.66,1,2025-04-24,H09,D021
P1036,XRAY02,317.23,3,2025-01-09,H24,D061
P209,LAB01,147.64,3,2025-10-26,H23,D103
P1998,LAB01,135.4,3,2025-09-17,H37,D185
P1038,MRI07,3774.77,1,2025-06-19,H45,D139
P1657,LAB01,104.77,2,2025-11-17,H15,D147
P1442,CONS01,490.91,2,2025-04-08,H36,D075
P1461,CONS01,546.48,3,2025-06-18,H14,D001
P1401,CONS01,509.29,2,2025-11-07,H20,D160
P1044,MRI07,3162.33,1,2025-08-06,H39,D109
P587,XRAY02,265.54,2,2025-12-09,H36,D077
P1936,SURG05,40821.79,2,2025-12-12,H27,D162
P1779,LAB01,90.27,2,2025-02-13,H17,D017
P1759,SURG05,5019.85,3,2025-09-18,H26,D183
P1015,XRAY02,295.61,1,2025-10-12,H41,D111
P1094,XRAY02,310.48,3,2025-05-06,H04,D019
P1848,MRI07,3166.22,2,2025-09-17,H03,D074
P1235,CONS01,557.91,3,2025-12-21,H19,D170
P1125,CONS01,475.65,1,2025-08-02,H41,D059
P698,XRAY02,210.83,1,2025-11-01,H40,D115
P132,MRI07,2895.5,1,2025-07-19,H39,D038
P1647,MRI07,2541.76,1,2025-08-24,H07,D031
P1405,LAB01,162.62,2,2025-12-07,H36,D194
P1156,CONS01,574.38,2,2025-05-16,H19,D106
P1044,XRAY02,388.32,2,2025-04-26,H12,D111
P1930,SURG05,4416.93,2,2025-06-04,H20,D197
P536,CONS01,483.85,2,2025-12-07,H38,D050
P1014,LAB01,88.74,3,2025-11-13,H12,D126
P227,MRI07,12305.01,1,2025-12-08,H29,D158
P1178,XRAY02,301.07,2,2025-01-18,H30,D103
P1829,CONS01,527.88,1,2025-01-04,H20,D163
P1766,SURG05,5206.08,1,2025-06-14,H04,D059
P1493,LAB01,104.58,2,2025-05-07,H02,D121
P822,LAB01,114.04,2,2025-08-01,H47,D145
P871,CONS01,502.4,1,2025-02-17,H30,D095
P405,SURG05,3764.94,1,2025-02-15,H23,D194
P202,LAB01,88.73,1,2025-02-15,H06,D149
P38,XRAY02,318.21,3,2025-02-17,H18,D094
P942,LAB01,75.08,3,2025-07-06,H22,D052
P1796,SURG05,5218.52,1,2025-04-30,H37,D193
P188,MRI07,1490.55,3,2025-05-12,H04,D142
P1081,MRI07,2760.53,1,2025-01-19,H43,D016
P941,CONS01,512.11,1,2025-10-02,H11,D055
P1044,SURG05,3883.31,2,2025-08-20,H41,D137
P273,LAB01,121.02,1,2025-02-11,H35,D136
P1143,LAB01,129.57,2,2025-04-02,H11,D162
P583,MRI07,2153.54,2,2025-09-18,H34,D109
P516,MRI07,24944.26,1,2025-02-17,H09,D161
P1245,XRAY02,278.47,3,2025-10-09,H31,D094
P526,MRI07,2282.73,1,2025-03-15,H42,D007
P1539,XRAY02,303.64,1,2025-08-04,H32,D149
P1752,LAB01,94.84,3,2025-08-09,H43,D133
P1765,XRAY02,266.98,2,2025-04-19,H35,D199
P336,XRAY02,308.62,3,2025-05-15,H49,D140
P698,CONS01,518.05,1,2025-12-09,H11,D187
P1079,MRI07,3007.3,1,2025-08-26,H17,D081
P500,XRAY02,396.42,3,2025-06-04,H36,D186
P900,LAB01,129.83,3,2025-11-25,H02,D088
P1912,SURG05,4164.39,3,2025-02-25,H24,D165
P766,XRAY02,340.99,2,2025-07-17,H46,D108
P536,MRI07,11575.98,3,2025-11-11,H15,D083
P162,CONS01,528.48,1,2025-02-07,H28,D045
P1694,LAB01,95.19,3,2025-12-07,H03,D080
P594,CONS01,549.78,1,2025-12-05,H29,D025
P1939,SURG05,4941.06,2,2025-08-05,H45,D027
P159,XRAY02,237.51,2,2025-08-19,H13,D051
P1212,XRAY02,320.1,3,2025-12-08,H22,D119
P60,MRI07,3375.17,1,2025-09-14,H31,D170
P915,XRAY02,325.47,2,2025-07-28,H07,D108
P1841,LAB01,105.64,3,2025-07-20,H48,D199
P1343,SURG05,5658.04,2,2025-05-17,H48,D170
P1902,CONS01,447.33,3,2025-05-08,H26,D060
P211,SURG05,5230.1,1,2025-02-22,H31,D072
P406,XRAY02,282.69,3,2025-12-10,H38,D186
P664,CONS01,410.13,1,2025-03-25,H38,D080
P1133,MRI07,3184.28,2,2025-07-28,H04,D072
P1100,SURG05,4681.21,1,2025-11-29,H35,D096
P542,CONS01,521.48,1,2025-10-12,H33,D126
P1338,CONS01,535.91,2,2025-02-05,H03,D150
P998,CONS01,616.42,1,2025-08-03,H19,D096
P1141,LAB01,110.88,1,2025-01-27,H09,D186
P927,SURG05,4537.5,3,2025-05-26,H46,D139
P868,CONS01,474.66,1,2025-01-18,H19,D109
P1728,SURG05,5083.95,3,2025-04-28,H19,D006
P19,CONS01,533.23,1,2025-05-17,H26,D022
P432,MRI07,1935.91,2,2025-03-08,H13,D103
P1709,MRI07,2698.99,1,2025-11-10,H22,D012
P740,MRI07,2251.44,1,2025-01-30,H48,D027
P1374,XRAY02,300.74,1,2025-03-14,H08,D129
P183,CONS01,569.51,3,2025-05-03,H24,D192
P113,XRAY02,326.7,2,2025-08-16,H26,D080
P1207,SURG05,6039.28,2,2025-12-04,H48,D167
P481,XRAY02,281.23,1,2025-09-30,H41,D060
P1170,SURG05,6188.83,1,2025-09-03,H41,D116
P831,SURG05,5713.53,3,2025-02-08,H03,D070
P1652,SURG05,4990.41,2,2025-06-19,H07,D182
P1137,XRAY02,354.74,1,2025-11-11,H02,D153
P763,CONS01,518.9,1,2025-04-12,H33,D148
P476,XRAY02,284.91,2,2025-10-21,H12,D036
P763,CONS01,477.87,1,2025-08-31,H48,D151
P1327,CONS01,511.65,1,2025-06-06,H12,D129
P971,SURG05,5401.09,2,2025-12-26,H10,D155
P1849,XRAY02,329.64,3,2025-09-22,H41,D052
P1020,CONS01,449.12,1,2025-09-14,H27,D130
P1142,MRI07,2604.64,1,2025-12-24,H18,D149
P1837,CONS01,479.33,2,2025-12-09,H04,D137
P161,MRI07,2320.09,2,2025-05-03,H40,D111
P401,XRAY02,259.37,3,2025-02-16,H23,D088
P198,XRAY02,259.11,3,2025-11-28,H21,D048
P1284,XRAY02,241.41,1,2025-01-10,H36,D105
P660,CONS01,503.58,3,2025-05-24,H30,D167
P1776,LAB01,144.45,3,2025-10-26,H48,D042
P1071,CONS01,409.75,3,2025-06-01,H21,D199
P399,CONS01,541.81,1,2025-05-16,H23,D094
P1734,SURG05,5510.44,3,2025-03-16,H21,D045
P1583,SURG05,4934.92,3,2025-12-27,H08,D130
P78,CONS01,538.89,3,2025-01-26,H39,D195
P124,MRI07,2922.92,2,2025-01-07,H13,D171
P75,SURG05,5375.72,3,2025-03-20,H40,D104
P1895,CONS01,534.3,3,2025-01-15,H22,D107
P137,LAB01,124.12,2,2025-07-26,H07,D146
P602,MRI07,3211.56,2,2025-03-30,H24,D039
P1424,XRAY02,295.55,1,2025-04-07,H05,D134
P837,CONS01,530.25,1,2025-08-04,H26,D170
P1529,CONS01,514.85,2,2025-09-16,H10,D180
P500,MRI07,2175.01,1,2025-11-25,H11,D027
P1597,SURG05,4555.56,3,2025-10-14,H40,D143
P138,SURG05,4733.26,1,2025-03-16,H38,D019
P50,SURG05,6105.34,3,2025-08-30,H11,D190
P1795,XRAY02,290.98,3,2025-01-17,H48,D064
P973,MRI07,688.46,3,2025-06-26,H30,D051
P1643,MRI07,3107.94,2,2025-09-16,H04,D175
P1649,SURG05,6094.44,1,2025-05-03,H02,D057
P1886,SURG05,4431.4,1,2025-11-07,H13,D020
P254,LAB01,129.34,2,2025-04-21,H39,D020
P1654,LAB01,105.59,2,2025-09-13,H17,D082
P710,CONS01,463.53,1,2025-08-22,H23,D192
P1873,CONS01,596.59,2,2025-12-22,H45,D101
P1901,MRI07,3033.57,2,2025-02-09,H10,D038
P563,MRI07,2172.08,3,2025-05-02,H13,D038
P757,XRAY02,251.65,3,2025-08-03,H42,D065
P1939,XRAY02,278.49,3,2025-10-23,H39,D076
P1450,LAB01,129.47,2,2025-10-13,H42,D133
P547,CONS01,495.54,2,2025-10-08,H29,D192
P1326,LAB01,102.33,3,2025-01-07,H16,D123
P922,LAB01,131.2,3,2025-04-02,H03,D125
P581,CONS01,443.32,1,2025-12-27,H36,D027
P1373,XRAY02,313.65,3,2025-05-03,H04,D103
P1856,CONS01,599.68,3,2025-12-03,H36,D020
P1957,SURG05,5123.16,1,2025-04-06,H16,D060
P49,SURG05,5162.39,1,2025-01-01,H41,D168
P917,SURG05,4338.58,1,2025-04-01,H06,D083
P1098,MRI07,2387.89,1,2025-01-07,H42,D006
P704,XRAY02,280.0,2,2025-04-30,H28,D164
P261,XRAY02,307.72,1,2025-12-16,H36,D112
P356,MRI07,2224.02,1,2025-05-09,H23,D193
P1606,LAB01,110.53,2,2025-06-28,H12,D139
P1626,SURG05,5799.37,1,2025-04-08,H42,D177
P1284,SURG05,5021.83,1,2025-02-12,H31,D114
P638,LAB01,133.59,1,2025-07-02,H12,D084
P743,CONS01,609.28,2,2025-07-04,H32,D156
P1319,CONS01,513.58,3,2025-02-22,H25,D022
P1010,XRAY02,374.62,1,2025-08-16,H29,D084
P931,MRI07,2532.5,1,2025-06-10,H19,D047
P641,XRAY02,326.5,1,2025-08-23,H22,D102
P792,CONS01,551.74,1,2025-12-24,H24,D080
P1337,LAB01,114.74,2,2025-07-19,H33,D194
P612,XRAY02,319.67,3,2025-01-01,H36,D025
P1862,SURG05,4751.23,1,2025-01-14,H45,D091
P809,SURG05,5322.93,1,2025-08-01,H40,D067
P1206,LAB01,107.31,2,2025-10-04,H46,D160
P686,CONS01,450.32,3,2025-02-03,H16,D145
P1852,SURG05,570.8,3,2025-12-27,H02,D040
P1388,SURG05,5057.08,3,2025-09-27,H08,D030
P188,MRI07,2444.44,1,2025-06-17,H13,D059
P1593,XRAY02,326.05,1,2025-06-19,H30,D028
P1567,CONS01,502.19,1,2025-03-23,H01,D047
P1620,XRAY02,335.37,2,2025-11-12,H12,D117
P1688,CONS01,525.88,2,2025-05-17,H49,D151
P985,SURG05,5285.55,2,2025-08-21,H07,D083
P548,MRI07,2173.3,1,2025-04-25,H48,D057
P725,XRAY02,336.87,1,2025-09-09,H14,D129
P926,SURG05,4780.18,1,2025-10-16,H42,D029
P1432,CONS01,501.27,3,2025-02-18,H35,D178
P876,XRAY02,340.57,2,2025-01-04,H28,D064
P618,XRAY02,34.21,2,2025-06-25,H12,D099
P414,SURG05,6065.11,3,2025-09-29,H40,D037
P1366,XRAY02,311.58,3,2025-01-26,H48,D189
P1244,MRI07,2294.52,3,2025-03-11,H24,D128
P903,MRI07,2685.5,1,2025-10-20,H01,D135
P163,SURG05,5335.58,3,2025-08-22,H17,D090
P1975,CONS01,574.83,1,2025-08-19,H38,D087
P1244,SURG05,5738.54,1,2025-09-20,H28,D064
P270,MRI07,1852.86,2,2025-10-13,H33,D018
P632,LAB01,142.21,3,2025-03-15,H24,D029
P906,LAB01,108.12,1,2025-05-01,H47,D114
P1872,XRAY02,348.0,1,2025-01-06,H45,D060
P1424,XRAY02,238.57,3,2025-01-24,H06,D054
P1206,LAB01,141.04,1,2025-07-13,H21,D072
P1642,MRI07,2680.74,1,2025-06-17,H45,D149
P1753,XRAY02,235.05,1,2025-12-07,H04,D149
P205,SURG05,5515.63,3,2025-07-29,H33,D058
P582,SURG05,5841.14,1,2025-05-13,H10,D177
P1580,MRI07,2457.69,2,2025-12-11,H36,D036
P841,XRAY02,281.56,3,2025-10-19,H13,D145
P1837,SURG05,5055.93,2,2025-06-23,H36,D080
P1252,XRAY02,32.94,2,2025-05-31,H48,D181
P1720,XRAY02,311.33,2,2025-03-29,H09,D015
P1643,SURG05,5329.97,1,2025-10-28,H31,D040
P596,LAB01,124.87,1,2025-09-23,H04,D081
P1874,SURG05,5147.33,2,2025-11-06,H20,D051
P250,MRI07,3487.11,2,2025-03-11,H08,D193
P875,CONS01,504.12,3,2025-07-24,H27,D141
P1465,SURG05,4617.54,2,2025-12-07,H36,D166
P1557,XRAY02,259.88,1,2025-02-01,H09,D097
P196,XRAY02,293.76,2,2025-02-12,H43,D154
P690,SURG05,6349.38,2,2025-04-28,H24,D143
P1953,CONS01,488.27,3,2025-01-15,H37,D117
P1543,SURG05,3909.66,2,2025-11-18,H41,D133
P1094,CONS01,497.37,3,2025-04-25,H40,D002
P639,CONS01,521.93,3,2025-12-03,H30,D115
P1423,MRI07,2795.53,2,2025-01-20,H26,D078
P672,XRAY02,353.7,2,2025-06-27,H04,D093
P1784,XRAY02,304.28,1,2025-09-19,H01,D193
P1227,CONS01,519.52,1,2025-03-20,H20,D077
P1172,XRAY02,308.23,3,2025-04-30,H28,D060
P1496,LAB01,156.42,3,2025-01-26,H45,D096
P1679,CONS01,617.17,1,2025-01-22,H24,D098
P944,XRAY02,284.92,3,2025-07-20,H28,D056
P199,LAB01,134.34,1,2025-03-05,H28,D118
P1941,MRI07,3345.12,3,2025-08-02,H05,D119
P1450,XRAY02,344.66,1,2025-11-10,H32,D038
P1690,LAB01,98.81,1,2025-10-20,H30,D185
P492,SURG05,5326.34,3,2025-03-19,H21,D102
P1912,SURG05,5062.25,3,2025-08-04,H42,D051
P896,LAB01,186.35,3,2025-08-12,H16,D169
P142,CONS01,99.47,2,2025-01-28,H08,D127
P1337,CONS01,537.22,2,2025-11-01,H12,D103
P165,XRAY02,287.61,3,2025-07-20,H32,D198
P314,SURG05,5295.36,3,2025-03-08,H25,D180
P21,CONS01,558.69,3,2025-12-25,H03,D129
P1106,CONS01,523.6,3,2025-05-06,H26,D085
P1605,SURG05,5413.45,1,2025-12-15,H36,D103
P1155,MRI07,1869.49,2,2025-07-14,H17,D018
P1623,CONS01,518.14,3,2025-06-23,H27,D027
P1754,LAB01,122.4,2,2025-03-28,H22,D092
P1957,XRAY02,357.9,2,2025-12-09,H45,D072
P984,CONS01,618.57,1,2025-11-07,H38,D095
P305,CONS01,514.78,3,2025-06-03,H35,D076
P1939,MRI07,3541.14,2,2025-07-29,H46,D170
P371,LAB01,113.95,1,2025-01-13,H07,D006
P1881,XRAY02,351.26,3,2025-06-13,H03,D090
P853,CONS01,615.56,3,2025-09-12,H06,D080
P384,XRAY02,308.52,2,2025-03-05,H13,D083
P1932,SURG05,5452.39,1,2025-11-03,H46,D082
P445,CONS01,518.9,1,2025-03-17,H15,D152
P425,CONS01,464.19,1,2025-01-22,H26,D045
P161,SURG05,5475.41,1,2025-03-01,H48,D071
P1202,MRI07,3137.38,3,2025-02-25,H33,D007
P629,CONS01,521.65,2,2025-06-17,H15,D144
P1732,XRAY02,349.56,2,2025-07-24,H39,D126
P895,LAB01,123.43,1,2025-12-19,H41,D058
P490,XRAY02,310.4,1,2025-09-16,H47,D057
P1017,MRI07,1711.62,1,2025-07-10,H14,D170
P327,LAB01,94.19,2,2025-02-24,H19,D111
P598,XRAY02,360.84,3,2025-12-06,H28,D142
P1015,XRAY02,326.25,3,2025-10-11,H24,D056
P289,SURG05,4212.45,1,2025-09-21,H41,D012
P593,MRI07,2076.93,3,2025-09-16,H33,D093
P1688,SURG05,4216.61,3,2025-12-16,H12,D015
P1597,LAB01,121.89,2,2025-03-30,H10,D008
P573,SURG05,5598.58,1,2025-08-10,H07,D186
P1378,MRI07,2311.3,3,2025-12-16,H46,D053
P28,CONS01,502.63,1,2025-03-30,H01,D137
P954,CONS01,504.44,1,2025-02-28,H15,D174
P43,LAB01,110.82,3,2025-06-01,H01,D092
P1705,CONS01,51.06,2,2025-01-28,H45,D007
P423,SURG05,5304.85,3,2025-08-13,H20,D044
P1622,LAB01,127.3,2,2025-11-14,H02,D014
P177,MRI07,2581.02,3,2025-02-20,H03,D075
P529,LAB01,146.17,1,2025-09-20,H36,D115
P1634,LAB01,148.75,2,2025-10-06,H16,D092
P966,XRAY02,329.62,2,2025-02-15,H29,D134
P1518,XRAY02,300.77,1,2025-11-30,H44,D163
P198,LAB01,112.66,3,2025-04-16,H36,D198
P610,CONS01,92.42,2,2025-10-11,H44,D189
P1601,XRAY02,356.33,3,2025-01-24,H39,D152
P842,MRI07,2574.38,3,2025-01-07,H03,D073
P853,SURG05,6850.29,3,2025-12-01,H37,D130
P1541,XRAY02,299.94,1,2025-01-03,H44,D179
P1538,LAB01,600.1,3,2025-09-15,H12,D031
P22,CONS01,457.69,1,2025-09-20,H20,D126
P1136,SURG05,18170.58,2,2025-05-01,H23,D119
P1081,XRAY02,388.39,3,2025-07-27,H22,D027
P1090,CONS01,2762.34,2,2025-01-21,H32,D110
P842,CONS01,452.27,3,2025-05-20,H07,D159
P98,CONS01,542.33,2,2025-10-07,H22,D106
P1168,LAB01,104.01,1,2025-10-16,H44,D198
P1904,MRI07,2861.82,2,2025-07-25,H02,D171
P435,CONS01,534.0,2,2025-02-12,H14,D120
P637,SURG05,5766.1,3,2025-12-04,H16,D082
P1703,XRAY02,345.49,3,2025-04-28,H24,D052
P1110,SURG05,5164.1,3,2025-01-05,H07,D014
P588,LAB01,95.31,3,2025-07-26,H04,D187
P344,LAB01,109.41,1,2025-05-03,H37,D020
P1960,SURG05,4930.06,2,2025-11-23,H46,D118
P1318,MRI07,2405.15,2,2025-12-11,H41,D052
P1980,LAB01,134.67,1,2025-05-22,H05,D101
P571,LAB01,117.97,2,2025-08-20,H02,D040
P1674,SURG05,3585.92,3,2025-06-13,H05,D068
P611,LAB01,133.0,3,2025-02-04,H03,D044
P1728,MRI07,1864.97,3,2025-12-30,H42,D134
P243,MRI07,2188.64,2,2025-12-01,H08,D087
P1855,MRI07,2238.65,1,2025-01-11,H26,D120
P561,XRAY02,296.68,1,2025-03-16,H10,D057
P960,MRI07,2352.42,2,2025-10-27,H34,D186
P32,MRI07,2343.52,1,2025-07-17,H46,D072
P391,XRAY02,310.09,1,2025-12-07,H36,D158
P277,CONS01,575.55,3,2025-09-21,H12,D052
P532,LAB01,90.28,2,2025-12-01,H20,D011
P1178,MRI07,1683.12,1,2025-08-12,H29,D175
P383,LAB01,149.31,2,2025-05-02,H14,D005
P1092,SURG05,5745.0,3,2025-03-15,H48,D131
P1902,LAB01,132.09,3,2025-01-28,H05,D143
P884,XRAY02,259.36,1,2025-06-20,H48,D130
P214,LAB01,19.34,2,2025-12-30,H27,D002
P1679,LAB01,102.42,2,2025-08-04,H04,D182
P376,LAB01,95.96,3,2025-11-15,H29,D174
P744,CONS01,494.99,3,2025-04-11,H03,D094
P213,CONS01,489.18,3,2025-09-03,H33,D127
P79,SURG05,3731.53,1,2025-04-03,H30,D126
P1750,XRAY02,83.16,2,2025-03-04,H36,D041
P628,LAB01,106.02,1,2025-09-23,H09,D197
P604,LAB01,162.55,2,2025-07-25,H01,D030
P782,LAB01,135.39,3,2025-03-21,H48,D044
P1947,LAB01,138.41,1,2025-02-06,H23,D010
P1405,CONS01,514.39,1,2025-01-11,H03,D030
P1001,SURG05,4219.29,1,2025-04-25,H32,D075
P680,MRI07,369.21,3,2025-03-31,H24,D049
P58,XRAY02,56.63,1,2025-08-20,H06,D163
P1820,LAB01,113.42,1,2025-01-19,H13,D193
P1050,SURG05,4426.45,3,2025-02-21,H49,D145
P881,MRI07,2195.5,2,2025-10-01,H15,D159
P447,SURG05,4371.91,1,2025-04-04,H30,D070
P66,CONS01,505.74,3,2025-02-01,H12,D180
P1945,MRI07,2394.61,1,2025-05-31,H40,D026
P1784,SURG05,5665.67,1,2025-05-20,H48,D100
P1278,CONS01,472.47,2,2025-02-27,H35,D133
P1923,SURG05,19133.39,3,2025-01-21,H28,D111
P1992,SURG05,5219.65,2,2025-05-29,H04,D014
P1068,MRI07,1668.39,2,2025-08-09,H07,D051
P1121,CONS01,508.73,3,2025-08-09,H47,D015
P1578,LAB01,149.87,2,2025-08-30,H43,D128
P1012,XRAY02,275.19,1,2025-08-07,H16,D140
P227,MRI07,3009.76,3,2025-01-29,H22,D046
P774,CONS01,498.88,3,2025-02-16,H46,D192
P679,SURG05,4775.45,1,2025-02-27,H45,D072
P1460,CONS01,465.66,1,2025-10-02,H41,D187
P1815,XRAY02,276.14,1,2025-05-20,H25,D095
P601,XRAY02,274.45,2,2025-01-23,H03,D154
P379,LAB01,145.13,2,2025-03-04,H22,D029
P1202,LAB01,118.66,2,2025-02-21,H31,D132
P1451,XRAY02,343.86,2,2025-09-23,H37,D178
P1939,MRI07,2783.08,2,2025-12-08,H22,D025
P709,MRI07,2686.36,2,2025-06-16,H27,D168
P307,SURG05,3956.59,3,2025-05-31,H02,D032
P779,LAB01,106.17,3,2025-01-11,H22,D100
P504,SURG05,4831.66,3,2025-04-05,H17,D037
P268,LAB01,111.9,3,2025-03-13,H48,D126
P1610,XRAY02,363.13,3,2025-02-17,H20,D138
P8,MRI07,2453.02,3,2025-12-14,H24,D166
P1944,MRI07,1646.16,2,2025-09-29,H45,D189
P508,XRAY02,312.96,3,2025-04-05,H31,D100
P476,SURG05,4997.86,1,2025-08-21,H43,D027
P1321,SURG05,4836.75,3,2025-02-17,H08,D135
P164,CONS01,420.41,1,2025-07-27,H05,D099
P485,LAB01,115.13,1,2025-08-15,H02,D137
P1621,SURG05,5165.12,3,2025-03-18,H04,D187
P1096,XRAY02,366.49,2,2025-12-15,H35,D036
P567,SURG05,4602.1,2,2025-08-07,H34,D118
P905,MRI07,2899.28,1,2025-12-26,H03,D158
P559,LAB01,113.96,2,2025-03-22,H48,D019
P1935,CONS01,508.78,1,2025-02-06,H20,D169
P1968,LAB01,130.22,2,2025-04-12,H09,D055
P238,MRI07,3645.9,2,2025-07-10,H06,D084
P1128,MRI07,3086.94,2,2025-01-29,H47,D006
P1234,MRI07,2058.17,2,2025-11-10,H05,D123
P554,MRI07,2643.92,3,2025-09-10,H41,D107
P828,XRAY02,306.39,3,2025-09-08,H38,D088
P468,CONS01,521.6,3,2025-08-14,H35,D150
P1478,MRI07,1808.38,1,2025-04-04,H31,D198
P1292,MRI07,2479.73,3,2025-03-27,H13,D152
P386,SURG05,4432.57,3,2025-04-20,H26,D062
P775,CONS01,457.52,3,2025-08-05,H22,D170
P848,LAB01,135.74,2,2025-07-15,H32,D150
P387,CONS01,573.46,2,2025-10-24,H15,D144
P877,CONS01,542.52,2,2025-02-13,H11,D141
P259,CONS01,582.66,2,2025-03-31,H16,D120
P283,MRI07,2361.31,2,2025-06-04,H47,D037
P1650,MRI07,3904.34,3,2025-04-19,H06,D180
P1899,XRAY02,211.34,3,2025-02-28,H46,D152
P40,LAB01,156.3,2,2025-04-20,H11,D125
P486,SURG05,5079.1,2,2025-04-16,H10,D017
P929,CONS01,505.92,3,2025-08-09,H16,D016
P220,LAB01,79.99,3,2025-09-20,H12,D129
P1153,LAB01,116.96,2,2025-03-23,H07,D085
P1015,XRAY02,272.12,1,2025-09-29,H39,D125
P1024,SURG05,3931.96,2,2025-02-18,H27,D001
P1544,CONS01,521.68,3,2025-02-01,H24,D030
P613,SURG05,5834.38,1,2025-03-30,H15,D024
P928,XRAY02,289.35,2,2025-01-19,H06,D046
P1916,MRI07,2169.46,3,2025-01-03,H19,D002
P688,LAB01,122.49,3,2025-03-01,H08,D143
P1643,CONS01,470.68,3,2025-08-30,H47,D029
P613,MRI07,2823.37,2,2025-01-29,H36,D099
P260,XRAY02,275.53,2,2025-03-16,H13,D062
P990,SURG05,5708.29,1,2025-03-11,H33,D013
P966,LAB01,484.9,3,2025-03-24,H32,D065
P366,CONS01,411.1,3,2025-12-23,H28,D045
P1782,MRI07,2019.23,1,2025-06-22,H40,D047
P1811,MRI07,2422.32,2,2025-07-16,H49,D016
P544,LAB01,119.13,3,2025-12-12,H10,D126
P649,SURG05,5326.65,1,2025-05-27,H33,D107
P1548,XRAY02,270.22,3,2025-09-30,H01,D003
P1931,SURG05,4997.75,2,2025-02-04,H21,D104
P814,SURG05,6398.18,2,2025-04-23,H05,D198
P1911,SURG05,3901.4,1,2025-07-25,H01,D095
P1040,LAB01,140.86,1,2025-06-07,H21,D133
P1153,LAB01,77.8,3,2025-09-10,H25,D154
P575,XRAY02,312.39,2,2025-05-02,H20,D092
P1133,SURG05,4972.92,2,2025-02-17,H45,D015
P1911,LAB01,127.72,1,2025-07-04,H09,D183
P1013,XRAY02,324.86,1,2025-09-30,H16,D150
P1557,XRAY02,316.62,3,2025-04-11,H28,D037
P670,SURG05,4415.48,2,2025-01-15,H40,D157
P269,CONS01,412.84,3,2025-05-08,H46,D154
P1186,SURG05,5295.36,3,2025-07-29,H49,D070
P1284,CONS01,538.36,1,2025-04-22,H36,D139
P924,XRAY02,275.38,2,2025-09-27,H39,D100
P1126,LAB01,119.65,1,2025-05-22,H49,D148
P1530,MRI07,2798.17,3,2025-06-22,H24,D084
P1759,XRAY02,208.52,3,2025-12-19,H16,D091
P1595,LAB01,69.59,2,2025-06-15,H14,D198
P247,XRAY02,280.16,2,2025-04-29,H48,D033
P1664,SURG05,6512.0,2,2025-07-22,H34,D121
P1819,CONS01,500.62,2,2025-01-11,H24,D030
P1861,XRAY02,291.48,1,2025-09-06,H47,D178
P1561,LAB01,134.39,1,2025-10-31,H11,D034
P131,SURG05,5056.21,1,2025-09-05,H45,D133
P353,MRI07,2983.47,1,2025-06-03,H36,D140
P196,SURG05,3902.44,3,2025-11-19,H01,D076
P1817,CONS01,457.63,1,2025-01-25,H47,D075
P1940,SURG05,6171.9,1,2025-12-08,H12,D052
P930,MRI07,2346.32,2,2025-08-09,H21,D051
P1690,LAB01,106.97,3,2025-04-20,H09,D149
P1406,XRAY02,287.5,1,2025-03-31,H39,D199
P1022,CONS01,480.86,3,2025-09-22,H03,D058
P645,MRI07,3094.24,3,2025-02-09,H16,D098
P227,CONS01,459.68,3,2025-09-20,H04,D125
P701,SURG05,3332.85,3,2025-06-07,H26,D192
P1500,CONS01,500.59,2,2025-04-28,H46,D093
P1501,MRI07,3157.14,2,2025-09-13,H13,D134
P265,XRAY02,287.86,3,2025-07-15,H20,D177
P1396,XRAY02,347.82,3,2025-11-10,H19,D037
P1510,CONS01,476.85,3,2025-11-07,H27,D138
P1458,LAB01,146.64,2,2025-01-14,H02,D194
P646,CONS01,504.01,2,2025-04-28,H10,D056
P211,SURG05,4610.94,3,2025-08-05,H25,D083
P1596,XRAY02,319.14,3,2025-07-24,H19,D071
P1964,XRAY02,225.71,3,2025-03-18,H15,D066
P1401,XRAY02,408.19,3,2025-06-21,H39,D045
P1419,LAB01,125.04,2,2025-01-26,H47,D087
P1474,LAB01,135.58,1,2025-05-08,H49,D095
P943,MRI07,1780.59,1,2025-05-22,H24,D196
P1388,CONS01,585.18,2,2025-01-24,H16,D192
P1900,CONS01,484.93,2,2025-08-20,H17,D144
P457,SURG05,4183.34,1,2025-06-26,H16,D010
P725,XRAY02,2359.65,1,2025-12-07,H18,D149
P1752,LAB01,132.14,1,2025-08-23,H49,D140
P1250,SURG05,4350.36,3,2025-11-15,H04,D013
P982,SURG05,5544.99,1,2025-01-26,H02,D081
P1155,LAB01,138.57,1,2025-09-23,H49,D117
P588,CONS01,443.51,3,2025-12-28,H49,D138
P476,XRAY02,369.48,3,2025-04-27,H31,D122
P1822,CONS01,496.44,2,2025-02-27,H02,D141
P986,SURG05,5125.93,3,2025-09-27,H02,D162
P1301,XRAY02,309.22,1,2025-11-25,H15,D059
P156,MRI07,1984.62,3,2025-10-22,H48,D128
P1784,SURG05,4481.37,2,2025-05-02,H43,D049
P1242,CONS01,509.08,1,2025-06-08,H29,D006
P190,CONS01,572.68,2,2025-06-27,H34,D012
P1441,CONS01,445.77,2,2025-05-24,H40,D029
P981,LAB01,114.21,2,2025-11-24,H32,D077
P1699,SURG05,4976.53,3,2025-11-03,H21,D124
P1716,XRAY02,62.46,3,2025-03-30,H30,D026
P546,CONS01,537.84,2,2025-08-27,H24,D068
P41,CONS01,521.53,2,2025-02-07,H44,D016
P307,LAB01,132.7,2,2025-12-27,H14,D053
P943,XRAY02,311.32,2,2025-03-20,H28,D147
P338,SURG05,4238.15,3,2025-12-11,H14,D175
P1338,MRI07,2638.85,3,2025-11-23,H44,D160
P1099,LAB01,125.51,2,2025-12-12,H34,D070
P953,SURG05,4611.04,3,2025-09-09,H14,D198
P279,MRI07,2799.08,1,2025-11-24,H25,D189
P1200,CONS01,476.92,3,2025-05-29,H12,D005
P896,CONS01,548.69,2,2025-01-16,H41,D187
P1686,XRAY02,312.19,3,2025-11-19,H40,D130
P273,MRI07,2802.67,1,2025-11-17,H20,D130
P837,CONS01,478.93,1,2025-09-26,H48,D003
P620,CONS01,556.06,3,2025-04-28,H42,D198
P1675,XRAY02,280.53,1,2025-07-11,H07,D095
P862,SURG05,5422.25,1,2025-11-13,H15,D043
P1807,CONS01,457.6,3,2025-10-15,H09,D133
P1883,LAB01,136.39,3,2025-12-17,H04,D178
P931,LAB01,102.44,3,2025-10-24,H31,D010
P289,SURG05,6483.92,2,2025-07-13,H23,D155
P724,MRI07,3058.89,2,2025-10-08,H06,D024
P893,XRAY02,284.67,1,2025-10-28,H28,D022
P272,LAB01,119.92,1,2025-09-07,H12,D089
P1954,LAB01,105.02,3,2025-08-19,H47,D003
P1090,SURG05,4434.47,1,2025-01-03,H22,D144
P483,MRI07,2526.23,3,2025-06-23,H24,D158
P936,MRI07,2484.81,2,2025-08-28,H34,D112
P248,SURG05,5716.32,3,2025-04-14,H19,D171
P156,LAB01,98.91,1,2025-10-16,H24,D004
P1071,XRAY02,250.16,3,2025-09-01,H20,D107
P1959,LAB01,115.85,3,2025-10-15,H34,D040
P454,MRI07,2563.02,3,2025-09-30,H47,D016
P201,LAB01,78.46,1,2025-04-30,H27,D105
P1684,XRAY02,285.93,3,2025-12-04,H44,D072
P124,CONS01,521.31,3,2025-09-16,H29,D088
P1,LAB01,104.4,1,2025-03-11,H01,D016
P968,SURG05,3931.64,2,2025-07-02,H46,D118
P1783,CONS01,51.18,2,2025-09-04,H36,D091
P855,SURG05,4500.96,1,2025-04-28,H43,D194
P640,SURG05,5698.39,2,2025-01-31,H39,D183
P191,SURG05,5332.66,3,2025-05-29,H45,D020
P1603,LAB01,89.98,1,2025-01-16,H46,D179
P516,MRI07,2247.15,3,2025-09-30,H07,D084
P442,CONS01,494.5,3,2025-12-18,H43,D083
P1945,XRAY02,310.62,1,2025-04-12,H20,D185
P1839,MRI07,2381.82,3,2025-03-13,H20,D126
P1830,LAB01,128.91,1,2025-07-12,H25,D051
P143,SURG05,4526.26,3,2025-11-18,H43,D018
P1215,XRAY02,321.06,2,2025-04-21,H21,D081
P533,CONS01,555.15,3,2025-10-20,H09,D187
P227,MRI07,3005.78,3,2025-12-13,H27,D097
P1337,MRI07,2622.72,1,2025-12-06,H28,D117
P1653,XRAY02,298.7,2,2025-11-14,H25,D124
P949,LAB01,131.3,3,2025-10-04,H36,D028
P1326,CONS01,505.1,3,2025-04-16,H34,D197
P1678,XRAY02,309.23,2,2025-02-06,H02,D156
P460,SURG05,5231.94,2,2025-10-18,H09,D089
P1425,CONS01,566.07,2,2025-06-30,H19,D141
P551,MRI07,2261.74,2,2025-05-23,H15,D006
P393,XRAY02,383.46,2,2025-04-24,H21,D157
P1891,MRI07,2334.91,3,2025-08-26,H16,D106
P1788,MRI07,1943.58,2,2025-04-04,H02,D119
P845,MRI07,2634.09,2,2025-09-17,H26,D137
P1231,LAB01,97.4,3,2025-04-17,H44,D029
P210,MRI07,2822.05,1,2025-09-01,H29,D166
P1139,SURG05,4608.86,3,2025-12-01,H33,D065
P1761,SURG05,5789.04,1,2025-01-23,H34,D056
P646,CONS01,463.07,2,2025-12-27,H46,D030
P1275,MRI07,2346.86,1,2025-09-28,H27,D114
P219,MRI07,3198.71,3,2025-05-20,H07,D096
P407,XRAY02,347.29,1,2025-03-23,H49,D121
P1467,LAB01,120.96,1,2025-12-10,H15,D187
P1627,CONS01,485.28,1,2025-06-05,H17,D058
P1378,MRI07,1927.07,2,2025-12-01,H09,D138
P888,XRAY02,232.5,3,2025-01-19,H13,D149
P558,LAB01,98.81,1,2025-03-10,H32,D184
P550,CONS01,567.33,2,2025-05-12,H02,D026
P142,CONS01,515.44,3,2025-09-13,H32,D015
P612,MRI07,2026.84,3,2025-07-28,H47,D163
P501,CONS01,530.34,3,2025-01-10,H20,D089
P840,XRAY02,261.89,3,2025-05-20,H43,D015
P702,CONS01,546.47,2,2025-05-15,H19,D097
P1571,SURG05,4649.18,3,2025-09-12,H46,D075
P1683,XRAY02,331.94,1,2025-10-27,H27,D088
P1566,LAB01,85.71,3,2025-09-15,H36,D006
P1870,LAB01,94.61,3,2025-04-04,H30,D156
P1531,MRI07,620.03,2,2025-08-29,H11,D063
P596,MRI07,2614.98,1,2025-08-25,H16,D029
P1905,SURG05,5946.06,1,2025-06-14,H26,D048
P281,LAB01,116.01,2,2025-11-21,H30,D191
P424,LAB01,126.87,2,2025-05-28,H02,D186
P856,LAB01,93.07,1,2025-08-06,H34,D149
P270,LAB01,131.5,1,2025-04-18,H41,D022
P154,CONS01,525.7,3,2025-08-19,H22,D027
P614,XRAY02,237.83,2,2025-03-11,H31,D085
P1751,XRAY02,252.18,1,2025-08-09,H21,D079
P662,SURG05,6067.35,1,2025-03-15,H36,D185
P1968,CONS01,527.69,2,2025-06-28,H40,D138
P83,LAB01,135.96,2,2025-03-21,H23,D022
P1646,LAB01,118.61,1,2025-12-20,H26,D172
P947,MRI07,1734.01,2,2025-06-08,H18,D084
P899,MRI07,2307.51,1,2025-12-22,H15,D083
P1450,SURG05,4699.27,1,2025-06-18,H34,D156
P1299,LAB01,127.04,3,2025-11-10,H22,D050
P1737,SURG05,3700.22,3,2025-06-10,H28,D179
P284,CONS01,498.77,2,2025-02-01,H43,D129
P980,XRAY02,257.47,2,2025-05-01,H49,D162
P173,LAB01,117.05,1,2025-08-03,H07,D163
P1351,CONS01,492.16,3,2025-01-03,H40,D061
P1742,LAB01,118.57,2,2025-08-16,H42,D030
P1087,MRI07,2684.1,1,2025-02-17,H24,D076
P1097,SURG05,37798.0,3,2025-06-16,H35,D196
P763,MRI07,2550.99,1,2025-11-29,H13,D168
P1660,XRAY02,230.2,3,2025-01-11,H49,D193
P1399,MRI07,2931.15,1,2025-08-26,H13,D037
P633,LAB01,106.85,3,2025-10-05,H31,D192
P1532,MRI07,2431.82,1,2025-08-29,H19,D129
P787,LAB01,129.18,1,2025-07-11,H29,D143
P943,XRAY02,281.38,2,2025-01-12,H22,D013
P1012,MRI07,2478.42,3,2025-02-22,H41,D157
P398,SURG05,5209.84,3,2025-02-24,H21,D183
P1144,SURG05,3882.26,2,2025-11-05,H16,D045
P934,SURG05,3228.07,2,2025-01-21,H30,D004
P1461,MRI07,2964.82,1,2025-01-19,H05,D192
P1853,MRI07,2566.21,3,2025-12-10,H41,D015
P676,MRI07,2229.66,1,2025-12-16,H41,D104
P936,LAB01,94.28,1,2025-11-18,H06,D176
P465,XRAY02,324.38,1,2025-11-11,H21,D184
P286,SURG05,4946.36,2,2025-02-28,H42,D091
P265,LAB01,122.16,3,2025-05-31,H11,D198
P320,SURG05,4286.8,2,2025-09-16,H24,D143
P673,LAB01,119.87,2,2025-02-27,H28,D039
P1400,MRI07,2783.78,3,2025-08-04,H15,D197
P820,SURG05,4257.85,3,2025-03-03,H39,D079
P89,MRI07,1923.31,2,2025-05-26,H46,D060
P1678,SURG05,6396.08,2,2025-08-27,H40,D094
P1227,CONS01,452.26,2,2025-10-20,H47,D172
P821,LAB01,521.72,3,2025-07-01,H19,D043
P1763,CONS01,497.19,3,2025-04-05,H17,D132
P1001,LAB01,1016.41,1,2025-03-19,H03,D077
P1979,XRAY02,324.79,3,2025-05-22,H03,D178
P334,SURG05,4801.22,2,2025-04-15,H39,D039
P222,XRAY02,308.54,3,2025-09-18,H28,D054
P41,XRAY02,269.75,3,2025-04-05,H31,D151
P1732,LAB01,122.16,3,2025-08-11,H42,D188
P68,CONS01,532.79,2,2025-07-09,H49,D163
P988,MRI07,2906.61,1,2025-05-09,H47,D054
P1800,LAB01,125.51,1,2025-11-15,H08,D186
P514,MRI07,2813.67,2,2025-07-14,H17,D062
P1897,XRAY02,314.21,2,2025-01-20,H35,D176
P1661,MRI07,2898.74,1,2025-10-26,H36,D135
P1646,CONS01,490.04,2,2025-08-28,H27,D173
P1622,LAB01,99.72,3,2025-08-23,H40,D013
P1961,CONS01,3927.34,3,2025-03-26,H45,D181
P1656,CONS01,459.89,1,2025-04-04,H33,D115
P1151,LAB01,105.21,3,2025-02-11,H11,D039
P1279,CONS01,543.01,1,2025-12-30,H21,D084
P695,SURG05,4579.66,2,2025-12-16,H06,D146
P1040,SURG05,5141.59,1,2025-03-15,H48,D150
P477,SURG05,4654.26,1,2025-12-31,H21,D164
P1086,MRI07,3078.97,3,2025-04-25,H28,D105
P881,CONS01,3862.69,1,2025-07-09,H17,D181
P432,LAB01,140.23,1,2025-05-05,H18,D112
P1694,LAB01,137.93,1,2025-01-06,H11,D072
P268,MRI07,2719.22,2,2025-02-11,H46,D003
P1059,LAB01,125.79,3,2025-02-27,H44,D190
P779,SURG05,5075.38,3,2025-01-10,H25,D157
P1600,CONS01,521.66,1,2025-03-30,H30,D073
P494,LAB01,154.72,1,2025-11-30,H25,D008
P1586,LAB01,131.94,2,2025-04-21,H07,D076
P1493,XRAY02,286.27,3,2025-02-08,H49,D174
P1791,XRAY02,1358.25,3,2025-06-16,H37,D092
P661,XRAY02,1884.14,1,2025-01-11,H46,D184
P1349,CONS01,463.71,2,2025-04-20,H27,D106
P1328,SURG05,5365.28,2,2025-01-16,H26,D049
P1300,SURG05,4356.78,1,2025-02-02,H13,D043
P1893,SURG05,5377.14,1,2025-08-21,H24,D138
P1987,CONS01,455.61,1,2025-07-07,H12,D141
P1708,CONS01,455.86,1,2025-08-12,H14,D185
P1953,XRAY02,315.21,1,2025-02-28,H09,D002
P1013,LAB01,107.81,2,2025-02-20,H31,D065
P1225,MRI07,2366.85,2,2025-09-28,H04,D086
P1469,MRI07,3211.21,1,2025-02-12,H19,D097
P1929,LAB01,101.62,1,2025-01-27,H01,D170
P1348,XRAY02,317.22,3,2025-02-25,H29,D186
P1059,LAB01,95.63,2,2025-05-01,H45,D010
P977,LAB01,120.22,2,2025-04-23,H06,D063
P482,MRI07,2449.59,1,2025-11-12,H01,D103
P728,XRAY02,296.51,2,2025-04-25,H25,D199
P480,CONS01,514.23,2,2025-04-19,H27,D061
P1089,MRI07,3661.03,2,2025-06-24,H22,D001
P1032,CONS01,495.17,3,2025-04-22,H17,D154
P1325,XRAY02,324.0,2,2025-04-10,H29,D005
P343,LAB01,113.81,1,2025-01-08,H03,D035
P1455,SURG05,4334.15,2,2025-05-15,H17,D125
P1448,SURG05,4260.26,2,2025-09-08,H02,D141
P332,XRAY02,371.38,3,2025-12-03,H32,D027
P438,SURG05,5639.8,2,2025-08-28,H22,D140
P1612,CONS01,469.93,3,2025-08-10,H39,D094
P174,SURG05,3768.25,3,2025-05-25,H33,D050
P559,XRAY02,2705.43,3,2025-01-04,H22,D187
P527,XRAY02,244.17,2,2025-10-09,H47,D159
P1897,CONS01,512.25,1,2025-11-30,H04,D069
P659,SURG05,5336.75,1,2025-11-24,H38,D165
P26,SURG05,4873.8,2,2025-07-16,H13,D002
P820,LAB01,105.64,3,2025-05-08,H23,D102
P605,MRI07,3828.96,1,2025-09-18,H13,D199
P406,XRAY02,311.2,2,2025-04-01,H20,D193
P232,LAB01,91.6,1,2025-11-21,H33,D003
P533,XRAY02,270.8,2,2025-09-16,H34,D148
P1843,LAB01,107.86,3,2025-04-04,H38,D130
P1574,MRI07,2992.96,1,2025-09-14,H29,D042
P1812,LAB01,137.95,2,2025-05-16,H32,D043
P505,XRAY02,271.58,2,2025-01-13,H11,D021
P1693,SURG05,6354.83,1,2025-07-17,H18,D045
P179,XRAY02,284.61,2,2025-06-27,H45,D020
P132,CONS01,469.57,1,2025-04-22,H21,D171
P1847,CONS01,383.68,2,2025-09-21,H12,D178
P1479,CONS01,485.29,1,2025-03-20,H39,D043
P348,CONS01,541.17,3,2025-09-13,H20,D024
P540,MRI07,2419.81,1,2025-03-15,H07,D082
P772,SURG05,5989.14,2,2025-06-10,H27,D084
P1430,SURG05,4640.78,3,2025-07-20,H07,D060
P76,XRAY02,298.33,3,2025-11-04,H02,D032
P1965,LAB01,126.09,1,2025-02-02,H43,D122
P579,XRAY02,296.78,1,2025-03-14,H33,D005
P854,XRAY02,220.54,1,2025-12-18,H21,D130
P1516,XRAY02,337.69,3,2025-10-20,H29,D154
P194,XRAY02,303.44,3,2025-07-17,H32,D025
P1186,SURG05,6329.49,1,2025-11-21,H45,D178
P347,LAB01,120.77,2,2025-11-12,H12,D086
P951,XRAY02,38.25,3,2025-08-28,H13,D167
P1385,SURG05,4934.87,1,2025-03-15,H39,D086
P1793,XRAY02,334.27,2,2025-01-31,H44,D075
P1608,CONS01,512.3,1,2025-01-14,H49,D011
P1111,XRAY02,310.86,3,2025-07-24,H40,D191
P1958,XRAY02,297.71,3,2025-11-12,H03,D068
P1286,MRI07,2646.88,1,2025-03-09,H39,D097
P214,CONS01,560.74,2,2025-05-08,H08,D146
P1689,LAB01,128.68,3,2025-01-26,H46,D108
P1746,XRAY02,264.09,1,2025-07-03,H46,D122
P1937,LAB01,135.82,1,2025-05-17,H02,D156
P573,CONS01,486.2,2,2025-10-18,H06,D042
P780,XRAY02,272.87,2,2025-04-16,H48,D060
P262,MRI07,3689.48,3,2025-01-24,H41,D150
P730,SURG05,4941.88,2,2025-12-05,H15,D168
P283,MRI07,2089.54,2,2025-07-13,H47,D062
P1672,MRI07,23387.1,3,2025-06-18,H12,D131
P1491,SURG05,4672.33,1,2025-02-05,H41,D071
P1404,SURG05,4469.16,3,2025-04-11,H48,D191
P362,SURG05,6368.53,3,2025-02-03,H32,D121
P1473,XRAY02,303.51,2,2025-02-08,H06,D020
P441,LAB01,115.42,2,2025-07-30,H27,D199
P93,LAB01,118.08,1,2025-08-18,H47,D071
P1645,SURG05,5293.35,2,2025-10-06,H13,D154
P753,MRI07,2444.6,1,2025-03-21,H23,D169
P867,CONS01,464.27,1,2025-08-26,H10,D131
P1448,SURG05,6022.46,1,2025-06-21,H14,D171
P142,MRI07,2358.69,3,2025-11-22,H03,D145
P1315,MRI07,2559.59,2,2025-02-28,H12,D084
P1456,XRAY02,299.04,2,2025-01-22,H25,D098
P749,XRAY02,310.29,1,2025-12-31,H01,D181
P1876,LAB01,94.65,2,2025-12-10,H32,D180
P1848,LAB01,95.06,1,2025-08-26,H24,D161
P1713,CONS01,493.37,2,2025-10-23,H48,D060
P653,CONS01,611.26,3,2025-12-07,H42,D068
P701,CONS01,474.43,2,2025-04-04,H09,D184
P998,CONS01,494.8,1,2025-09-01,H01,D105
P49,MRI07,2005.59,3,2025-01-11,H42,D192
P1326,MRI07,2750.38,2,2025-04-27,H39,D136
P881,LAB01,110.35,3,2025-09-22,H10,D197
P1214,XRAY02,250.96,1,2025-01-12,H44,D161
P1160,XRAY02,276.82,1,2025-06-03,H43,D153
P555,SURG05,4505.59,2,2025-02-07,H41,D199
P404,MRI07,2839.77,1,2025-05-11,H30,D111
P892,CONS01,1583.67,2,2025-08-13,H05,D135
P865,CONS01,512.44,1,2025-05-23,H04,D059
P602,SURG05,4117.56,1,2025-02-23,H45,D033
P1831,XRAY02,247.25,1,2025-01-24,H08,D041
P341,CONS01,477.28,2,2025-05-01,H16,D161
P1781,XRAY02,283.86,2,2025-04-29,H01,D029
P1969,SURG05,4242.54,2,2025-06-10,H49,D167
P704,XRAY02,255.9,2,2025-03-15,H15,D185
P318,XRAY02,335.5,1,2025-07-04,H24,D105
P618,XRAY02,51.22,3,2025-07-11,H15,D101
P1387,CONS01,433.77,2,2025-08-08,H06,D064
P1846,LAB01,115.11,1,2025-05-01,H02,D086
P382,MRI07,2790.33,1,2025-07-28,H05,D066
P233,XRAY02,329.9,2,2025-10-27,H39,D114
P1801,XRAY02,290.09,2,2025-12-12,H41,D122
P1368,XRAY02,244.33,1,2025-06-13,H34,D009
P1573,LAB01,109.2,2,2025-09-25,H39,D029
P817,SURG05,5636.98,2,2025-01-03,H32,D097
P553,CONS01,366.94,3,2025-02-19,H29,D074
P1553,LAB01,104.37,3,2025-12-30,H29,D124
P856,XRAY02,299.42,2,2025-07-30,H24,D156
P1813,LAB01,121.92,3,2025-01-16,H46,D110
P819,LAB01,127.04,3,2025-06-17,H31,D053
P1595,LAB01,89.57,2,2025-10-10,H24,D174
P1959,SURG05,4931.81,1,2025-11-22,H15,D167
P183,MRI07,2544.52,1,2025-10-25,H12,D076
P1065,CONS01,464.55,1,2025-07-04,H20,D058
P1575,SURG05,5550.99,1,2025-05-18,H04,D182
P397,SURG05,4143.09,3,2025-05-05,H13,D134
P1728,MRI07,2901.41,3,2025-02-27,H41,D045
P779,SURG05,5027.49,2,2025-12-28,H44,D168
P1518,LAB01,97.38,2,2025-03-07,H10,D151
P1683,LAB01,116.23,1,2025-12-06,H41,D117
P907,XRAY02,267.76,1,2025-07-21,H23,D122
P1357,SURG05,4135.33,2,2025-01-09,H07,D170
P127,XRAY02,306.29,2,2025-04-15,H12,D166
P1582,CONS01,541.63,1,2025-03-30,H48,D144
P1581,LAB01,161.98,3,2025-03-30,H15,D074
P1,CONS01,437.27,3,2025-12-10,H07,D175
P1192,MRI07,2140.62,3,2025-01-06,H08,D149
P1644,LAB01,120.76,3,2025-06-07,H07,D074
P19,CONS01,550.17,3,2025-11-26,H43,D149
P1356,MRI07,1538.35,2,2025-04-13,H04,D025
P584,CONS01,471.56,2,2025-08-11,H07,D124
P456,MRI07,2222.59,1,2025-06-20,H45,D061
P957,MRI07,3198.07,2,2025-02-02,H41,D098
P1133,LAB01,140.82,2,2025-06-30,H30,D054
P1292,XRAY02,275.19,2,2025-07-03,H18,D060
P445,MRI07,2170.49,2,2025-03-28,H30,D170
P1264,MRI07,2195.24,1,2025-03-10,H07,D189
P1953,LAB01,116.49,2,2025-01-26,H48,D032
P1325,XRAY02,295.44,2,2025-01-06,H23,D053
P602,SURG05,5631.74,1,2025-09-13,H37,D172
P103,SURG05,3310.96,2,2025-07-01,H07,D139
P988,XRAY02,312.03,1,2025-10-22,H38,D118
P1274,CONS01,476.67,3,2025-09-17,H29,D047
P1477,LAB01,131.09,3,2025-11-10,H34,D090
P520,XRAY02,291.95,2,2025-10-31,H39,D060
P1177,SURG05,42906.36,2,2025-11-12,H41,D036
P859,MRI07,1699.11,2,2025-08-22,H45,D188
P174,SURG05,4664.64,2,2025-10-09,H49,D161
P1367,MRI07,3458.66,3,2025-07-26,H49,D042
P1694,LAB01,111.8,3,2025-03-18,H47,D013
P1005,MRI07,2354.89,2,2025-06-17,H18,D142
P431,XRAY02,271.65,1,2025-12-08,H47,D186
P727,MRI07,2937.79,1,2025-02-25,H43,D115
P1713,CONS01,499.52,3,2025-10-22,H25,D101
P1711,XRAY02,2482.34,1,2025-03-22,H27,D122
P1876,LAB01,157.25,2,2025-06-16,H27,D168
P850,XRAY02,343.2,2,2025-06-25,H12,D065
P1682,CONS01,521.49,2,2025-10-08,H23,D133
P1986,LAB01,116.13,2,2025-05-29,H17,D158
P1348,SURG05,4759.51,2,2025-09-13,H44,D117
P990,CONS01,500.56,1,2025-10-08,H07,D173
P1697,LAB01,135.74,1,2025-12-11,H24,D101
P639,MRI07,21083.94,3,2025-10-05,H07,D186
P420,XRAY02,376.41,3,2025-10-06,H29,D039
P594,LAB01,130.33,1,2025-07-25,H28,D140
P485,XRAY02,290.78,1,2025-01-30,H23,D162
P1683,MRI07,2066.5,3,2025-08-06,H10,D109
P1775,LAB01,98.13,2,2025-08-19,H16,D014
P412,SURG05,6192.13,3,2025-12-25,H43,D166
P936,CONS01,439.37,3,2025-06-11,H48,D144
P1108,LAB01,124.07,1,2025-08-05,H34,D106
P1137,MRI07,3063.51,3,2025-08-16,H25,D189
P1761,LAB01,105.94,3,2025-11-29,H02,D187
P332,XRAY02,291.38,1,2025-08-09,H05,D075
P1402,LAB01,150.64,2,2025-08-22,H14,D079
P1779,SURG05,20977.4,2,2025-03-14,H31,D112
P655,LAB01,113.54,2,2025-04-05,H40,D067
P41,CONS01,542.3,1,2025-04-05,H06,D139
P1959,LAB01,150.13,3,2025-08-31,H28,D011
P1794,XRAY02,265.02,2,2025-10-20,H09,D016
P959,LAB01,117.17,3,2025-09-20,H06,D166
P1821,SURG05,4598.58,1,2025-05-04,H17,D158
P105,MRI07,2720.02,2,2025-10-15,H40,D169
P202,LAB01,114.69,2,2025-09-24,H35,D001
P450,LAB01,104.46,3,2025-04-19,H12,D124
P1843,CONS01,475.63,2,2025-12-14,H45,D038
P1867,SURG05,5581.93,1,2025-02-17,H18,D114
P1997,MRI07,2798.22,3,2025-10-28,H43,D098
P1290,XRAY02,309.97,3,2025-04-05,H34,D060
P910,LAB01,79.95,2,2025-02-02,H46,D019
P210,MRI07,2529.63,2,2025-04-28,H01,D124
P563,XRAY02,2159.64,2,2025-05-12,H15,D187
P1142,SURG05,4805.05,2,2025-09-08,H18,D100
P713,SURG05,5116.61,3,2025-10-30,H22,D068
P1401,MRI07,2429.12,3,2025-05-02,H18,D138
P1575,XRAY02,314.9,2,2025-08-06,H49,D017
P1564,SURG05,5313.22,3,2025-02-22,H01,D080
P771,MRI07,2449.66,1,2025-05-06,H46,D085
P1108,SURG05,4433.94,3,2025-06-08,H20,D092
P454,SURG05,4665.6,1,2025-06-08,H48,D029
P667,SURG05,6337.43,1,2025-10-10,H36,D134
P629,CONS01,562.58,1,2025-03-30,H38,D194
P1538,XRAY02,297.3,2,2025-06-25,H25,D119
P1629,MRI07,2618.0,3,2025-10-19,H16,D122
P1702,MRI07,3432.25,1,2025-06-08,H20,D111
P387,XRAY02,288.3,2,2025-09-06,H38,D191
P1936,XRAY02,276.15,3,2025-12-23,H47,D159
P1374,XRAY02,337.02,3,2025-05-02,H33,D153
P296,XRAY02,251.61,2,2025-08-25,H07,D087
P258,LAB01,136.92,3,2025-05-05,H23,D149
P1105,MRI07,2424.11,2,2025-11-11,H11,D016
P1961,LAB01,106.88,2,2025-10-06,H33,D132
P268,SURG05,3922.15,2,2025-12-21,H40,D107
P419,SURG05,4732.69,3,2025-11-20,H46,D174
P235,MRI07,2318.47,2,2025-04-02,H05,D008
P1857,SURG05,5366.22,2,2025-04-15,H45,D134
P1335,XRAY02,318.56,3,2025-02-11,H47,D125
P1837,LAB01,101.5,1,2025-05-09,H41,D128
P1999,XRAY02,297.83,2,2025-02-22,H08,D053
P986,SURG05,6140.02,2,2025-06-17,H17,D119
P1381,LAB01,113.93,1,2025-03-31,H18,D192
P1237,XRAY02,256.61,3,2025-09-04,H27,D091
P574,MRI07,3659.5,3,2025-06-23,H31,D179
P49,XRAY02,260.83,3,2025-03-28,H04,D063
P1151,SURG05,5846.55,2,2025-05-30,H02,D134
P223,LAB01,130.6,1,2025-09-06,H05,D190
P921,MRI07,24646.65,3,2025-04-25,H17,D107
P1303,LAB01,133.44,1,2025-06-29,H39,D161
P1432,MRI07,2426.05,3,2025-04-30,H32,D002
P1529,LAB01,100.69,2,2025-01-28,H29,D169
P1318,SURG05,4086.85,3,2025-11-05,H16,D016
P1820,MRI07,3400.53,1,2025-04-27,H01,D102
P277,CONS01,520.8,1,2025-07-10,H12,D119
P1462,LAB01,112.85,1,2025-05-25,H19,D059
P1131,LAB01,122.62,2,2025-11-16,H09,D009
P1682,XRAY02,332.83,3,2025-09-19,H48,D197
P420,MRI07,2046.27,2,2025-05-22,H07,D117
P611,CONS01,505.88,2,2025-04-24,H30,D010
P1453,SURG05,5683.01,1,2025-09-30,H15,D094
P375,XRAY02,314.0,1,2025-02-07,H44,D007
P73,CONS01,488.95,2,2025-07-16,H04,D093
P1973,MRI07,2519.75,2,2025-01-13,H06,D194
P1658,CONS01,579.65,3,2025-04-22,H38,D148
P1054,LAB01,95.95,1,2025-05-17,H47,D123
P1212,LAB01,86.33,1,2025-06-21,H35,D063
P1388,XRAY02,313.14,1,2025-05-07,H02,D004
P1890,MRI07,2975.44,3,2025-12-28,H05,D028
P1824,MRI07,16286.01,3,2025-11-29,H08,D072
P1475,CONS01,570.77,1,2025-01-19,H30,D163
P195,XRAY02,334.15,1,2025-07-27,H48,D130
P1180,MRI07,2975.55,2,2025-06-07,H19,D169
P1196,LAB01,92.52,2,2025-06-09,H30,D156
P847,CONS01,463.14,3,2025-11-30,H31,D075
P1065,SURG05,3851.6,1,2025-08-28,H16,D073
P1087,LAB01,123.69,2,2025-03-20,H38,D102
P23,XRAY02,299.5,2,2025-11-28,H22,D129
P360,MRI07,1528.17,1,2025-12-23,H33,D155
P1099,LAB01,130.63,1,2025-11-27,H22,D067
P560,SURG05,4429.77,2,2025-07-16,H08,D167
P672,SURG05,5727.31,1,2025-04-30,H37,D168
P1849,XRAY02,366.97,1,2025-09-05,H12,D028
P1142,LAB01,133.83,3,2025-05-19,H05,D092
P1636,CONS01,488.23,2,2025-08-14,H25,D152
P1404,LAB01,119.57,2,2025-03-24,H29,D082
P1953,SURG05,6248.21,3,2025-01-26,H13,D051
P1944,XRAY02,317.48,3,2025-05-08,H26,D056
P679,XRAY02,290.25,2,2025-08-11,H22,D073
P1314,CONS01,416.91,2,2025-12-05,H29,D026
P440,XRAY02,302.48,1,2025-02-13,H12,D088
P1692,XRAY02,325.74,1,2025-03-25,H48,D052
P933,XRAY02,299.16,2,2025-01-25,H46,D125
P7,XRAY02,275.6,1,2025-08-08,H43,D006
P1220,XRAY02,317.27,1,2025-10-20,H28,D187
P421,SURG05,5392.54,1,2025-07-23,H09,D117
P1592,LAB01,107.11,3,2025-07-12,H10,D012
P833,MRI07,1561.58,2,2025-01-02,H48,D063
P1217,XRAY02,333.81,2,2025-07-21,H42,D036
P559,MRI07,2922.2,2,2025-12-20,H26,D009
P1172,MRI07,2258.06,1,2025-02-01,H36,D074
P1811,SURG05,5009.58,1,2025-03-30,H40,D067
P1693,XRAY02,312.8,3,2025-07-21,H11,D029
P1226,MRI07,11416.19,3,2025-06-27,H06,D071
P1468,XRAY02,307.73,2,2025-07-12,H04,D090
P914,CONS01,533.23,3,2025-06-09,H27,D008
P1443,CONS01,453.73,3,2025-10-20,H24,D043
P1451,CONS01,599.55,1,2025-07-23,H05,D035
P1007,MRI07,10211.77,2,2025-08-29,H03,D110
P1503,CONS01,445.15,2,2025-04-25,H07,D022
P1499,SURG05,4567.53,3,2025-07-29,H24,D066
P126,SURG05,827.98,1,2025-08-10,H22,D102
P395,MRI07,2514.42,3,2025-07-01,H12,D149
P817,XRAY02,319.55,3,2025-09-16,H35,D094
P881,LAB01,127.5,2,2025-02-09,H17,D199
P1830,XRAY02,249.71,1,2025-11-26,H03,D095
P576,XRAY02,336.58,3,2025-11-18,H11,D169
P325,XRAY02,285.94,3,2025-03-01,H06,D041
P1416,XRAY02,361.28,1,2025-01-11,H43,D177
P930,LAB01,135.75,3,2025-04-30,H36,D004
P1712,CONS01,487.95,2,2025-02-11,H17,D098
P1652,XRAY02,311.57,3,2025-07-09,H22,D193
P1464,SURG05,23968.49,2,2025-05-03,H01,D010
P1228,MRI07,2582.64,2,2025-07-08,H44,D094
P1510,MRI07,1726.26,2,2025-09-09,H03,D067
P833,SURG05,5258.45,2,2025-04-02,H16,D138
P1055,XRAY02,334.64,2,2025-08-01,H35,D073
P1412,LAB01,128.78,2,2025-11-14,H14,D145
P1649,CONS01,461.95,3,2025-07-21,H49,D195
P1901,MRI07,2936.76,1,2025-09-25,H07,D053
P1458,CONS01,492.0,3,2025-06-04,H26,D163
P837,LAB01,109.62,1,2025-07-14,H43,D004
P926,MRI07,2281.69,3,2025-01-28,H48,D068
P1400,CONS01,481.49,1,2025-07-13,H31,D113
P1368,LAB01,113.29,3,2025-08-11,H24,D096
P443,CONS01,577.76,2,2025-04-17,H19,D102
P1603,XRAY02,347.89,1,2025-05-29,H37,D139
P75,LAB01,125.62,3,2025-05-15,H01,D044
P557,CONS01,458.71,2,2025-04-05,H25,D119
P1796,XRAY02,67.38,3,2025-09-27,H10,D188
P1690,XRAY02,332.44,1,2025-05-06,H18,D198
P1179,LAB01,126.92,3,2025-12-25,H42,D190
P1454,SURG05,4898.35,3,2025-11-25,H01,D110
P363,MRI07,2415.48,2,2025-11-14,H29,D160
P448,LAB01,150.36,2,2025-01-12,H13,D046
P1258,XRAY02,265.9,2,2025-10-21,H04,D023
P1587,XRAY02,343.64,1,2025-10-22,H12,D106
P1842,LAB01,158.02,2,2025-12-08,H48,D165
P262,SURG05,4573.92,1,2025-01-04,H19,D126
P1851,MRI07,2076.39,2,2025-10-31,H26,D090
P125,CONS01,512.03,2,2025-11-12,H44,D098
P911,LAB01,110.89,2,2025-06-17,H38,D075
P245,MRI07,2666.01,2,2025-01-08,H16,D114
P542,MRI07,1934.79,1,2025-05-04,H44,D186
P1962,XRAY02,264.09,1,2025-11-10,H25,D120
P485,CONS01,471.05,1,2025-07-04,H10,D085
P122,LAB01,98.31,2,2025-02-04,H37,D043
P125,XRAY02,343.68,2,2025-03-14,H28,D088
P1573,XRAY02,294.17,2,2025-01-13,H28,D143
P170,SURG05,4630.09,1,2025-02-08,H25,D195
P124,MRI07,15300.2,3,2025-03-25,H25,D130
P1893,LAB01,101.06,3,2025-01-21,H12,D199
P1059,LAB01,108.36,3,2025-09-10,H08,D133
P1111,LAB01,111.15,1,2025-10-30,H36,D181
P646,XRAY02,303.7,3,2025-09-15,H39,D173
P1732,SURG05,4294.72,1,2025-10-27,H24,D104
P786,CONS01,469.75,1,2025-01-30,H23,D093
P201,XRAY02,269.43,2,2025-05-08,H37,D041
P369,CONS01,513.33,2,2025-11-07,H11,D191
P797,SURG05,4821.5,1,2025-02-09,H17,D032
P77,MRI07,1880.02,3,2025-04-07,H28,D106
P59,LAB01,842.4,1,2025-08-12,H03,D002
P431,CONS01,471.97,1,2025-04-02,H02,D010
P638,XRAY02,229.31,3,2025-10-07,H29,D171
P1524,CONS01,412.92,2,2025-06-19,H34,D119
P1937,MRI07,2502.57,1,2025-10-11,H14,D171
P109,LAB01,130.17,2,2025-08-10,H33,D101
P1760,CONS01,474.7,2,2025-04-27,H48,D110
P1008,MRI07,3517.78,2,2025-09-05,H47,D067
P1302,XRAY02,301.34,1,2025-12-27,H18,D023
P68,SURG05,4398.32,3,2025-12-15,H29,D098
P1093,XRAY02,263.36,3,2025-12-20,H02,D097
P1189,LAB01,144.39,2,2025-03-30,H11,D188
P1513,XRAY02,281.9,2,2025-03-19,H31,D006
P305,XRAY02,275.27,3,2025-03-15,H49,D013
P1933,XRAY02,279.69,2,2025-01-14,H13,D021
P674,XRAY02,63.61,3,2025-02-14,H44,D058
P365,LAB01,97.59,3,2025-02-07,H26,D120
P1878,MRI07,20296.9,1,2025-09-02,H34,D156
P821,CONS01,527.05,2,2025-03-03,H10,D120
P1403,SURG05,3837.78,2,2025-04-06,H12,D198
P343,CONS01,75.21,1,2025-11-19,H49,D136
P947,CONS01,474.44,3,2025-09-09,H22,D077
P899,SURG05,5033.5,2,2025-03-02,H46,D098
P1578,LAB01,101.57,1,2025-09-26,H31,D058
P1378,SURG05,5850.99,3,2025-04-29,H19,D168
P1440,LAB01,76.58,1,2025-03-28,H45,D086
P1133,CONS01,557.8,1,2025-03-24,H24,D001
P1587,LAB01,80.76,1,2025-03-21,H25,D077
P762,MRI07,2443.18,1,2025-08-16,H35,D193
P1521,SURG05,5985.81,3,2025-10-30,H08,D010
P341,MRI07,3104.01,1,2025-04-21,H05,D188
P942,CONS01,486.9,3,2025-11-06,H22,D069
P383,SURG05,5578.95,1,2025-03-12,H28,D148
P1004,CONS01,472.38,1,2025-11-24,H12,D062
P1557,MRI07,2137.59,2,2025-01-25,H33,D013
P300,CONS01,466.55,2,2025-10-06,H16,D186
P139,SURG05,4889.91,2,2025-07-21,H26,D165
P359,SURG05,3574.98,2,2025-08-13,H12,D010
P836,CONS01,560.96,1,2025-09-24,H23,D003
P1523,SURG05,5538.56,1,2025-10-10,H49,D162
P1409,SURG05,5437.87,3,2025-04-27,H26,D034
P1628,CONS01,498.47,1,2025-03-08,H41,D158
P1983,MRI07,3255.85,3,2025-02-16,H13,D165
P1304,SURG05,4540.37,1,2025-08-29,H23,D196
P1661,SURG05,5573.27,1,2025-06-27,H31,D034
P483,SURG05,5393.01,3,2025-01-08,H36,D160
P909,SURG05,4434.9,2,2025-07-02,H27,D085
P1135,CONS01,453.33,1,2025-03-18,H36,D058
P866,MRI07,2578.0,2,2025-03-08,H47,D105
P139,MRI07,2810.61,3,2025-05-28,H42,D152
P996,LAB01,114.04,1,2025-06-22,H23,D009
P435,SURG05,3941.27,3,2025-02-04,H38,D041
P509,SURG05,5255.84,1,2025-03-18,H03,D152
P273,LAB01,125.22,3,2025-10-07,H30,D025
P1123,MRI07,2351.23,3,2025-07-04,H32,D036
P1788,XRAY02,53.74,2,2025-02-24,H15,D008
P1874,XRAY02,312.35,2,2025-04-04,H38,D126
P104,MRI07,2604.83,2,2025-05-24,H11,D114
P1238,SURG05,4909.3,1,2025-09-04,H02,D105
P1785,XRAY02,85.45,3,2025-07-19,H26,D093
P1688,CONS01,449.92,2,2025-08-24,H34,D089
P762,CONS01,449.29,1,2025-11-10,H01,D187
P787,LAB01,128.62,2,2025-11-16,H11,D163
P165,MRI07,2673.75,1,2025-08-08,H05,D038
P999,MRI07,1862.62,3,2025-11-28,H26,D092
P1877,XRAY02,302.11,3,2025-08-04,H06,D119
P520,SURG05,843.25,3,2025-02-18,H35,D160
P1308,MRI07,1941.93,1,2025-10-12,H05,D101
P517,XRAY02,269.92,3,2025-04-28,H09,D113
P657,XRAY02,343.17,1,2025-03-23,H28,D179
P613,MRI07,2409.05,1,2025-09-20,H19,D028
P164,XRAY02,304.53,1,2025-03-18,H05,D184
P1910,LAB01,103.78,3,2025-07-30,H23,D099
P1683,LAB01,102.92,3,2025-05-02,H44,D136
P64,MRI07,1892.09,3,2025-11-21,H44,D041
P1115,SURG05,5752.5,1,2025-03-31,H16,D118
P1141,LAB01,97.41,3,2025-09-15,H07,D023
P1890,LAB01,104.03,1,2025-06-10,H14,D182
P267,MRI07,2471.88,3,2025-06-25,H22,D023
P1846,CONS01,446.66,1,2025-10-20,H09,D032
P1709,XRAY02,78.62,2,2025-03-30,H47,D138
P1583,LAB01,125.85,3,2025-05-07,H23,D081
P1164,CONS01,517.64,3,2025-12-25,H43,D163
P246,SURG05,5828.34,1,2025-10-13,H04,D099
P1685,CONS01,392.83,1,2025-10-24,H43,D063
P1782,MRI07,2441.06,1,2025-09-17,H26,D195
P395,SURG05,5098.56,2,2025-12-05,H41,D036
P1511,SURG05,4571.55,3,2025-09-01,H06,D093
P476,CONS01,489.11,1,2025-04-21,H31,D177
P1541,MRI07,3222.02,2,2025-01-24,H17,D046
P977,LAB01,146.09,2,2025-02-19,H09,D027
P1208,CONS01,507.88,1,2025-02-06,H27,D159
P1044,LAB01,107.26,3,2025-06-30,H06,D162
P1961,CONS01,525.41,1,2025-09-10,H06,D076
P558,LAB01,105.58,1,2025-01-25,H04,D101
P1018,CONS01,500.3,1,2025-12-15,H43,D187
P1548,SURG05,4721.25,2,2025-05-05,H03,D182
P1606,XRAY02,317.4,2,2025-01-31,H24,D194
P1553,SURG05,5127.54,3,2025-08-25,H18,D158
P883,LAB01,111.97,2,2025-08-15,H32,D151
P147,MRI07,431.63,1,2025-12-14,H48,D009
P666,SURG05,6733.17,2,2025-02-07,H21,D183
P1328,XRAY02,327.95,3,2025-02-27,H48,D129
P620,LAB01,109.85,1,2025-08-24,H29,D056
P1772,SURG05,4296.05,1,2025-06-30,H32,D167
P820,CONS01,546.51,2,2025-04-24,H25,D087
P864,MRI07,2538.49,2,2025-11-02,H12,D018
P582,LAB01,109.41,3,2025-05-12,H46,D042
P1023,SURG05,5214.51,1,2025-12-14,H09,D111
P695,LAB01,106.11,3,2025-06-29,H07,D073
P1786,CONS01,115.6,2,2025-03-19,H14,D065
P1252,XRAY02,335.12,1,2025-08-08,H20,D161
P1126,SURG05,3990.16,2,2025-05-22,H20,D158
P1611,LAB01,107.7,1,2025-02-12,H10,D133
P1441,LAB01,125.52,3,2025-04-28,H11,D178
P1982,LAB01,130.03,1,2025-02-28,H39,D193
P1240,XRAY02,295.28,2,2025-03-02,H19,D010
P407,LAB01,100.0,1,2025-02-10,H19,D060
P399,MRI07,2731.65,3,2025-10-01,H43,D155
P1947,MRI07,2869.08,2,2025-07-07,H06,D072
P715,LAB01,116.3,3,2025-12-01,H08,D156
P704,MRI07,2274.8,1,2025-07-06,H01,D173
P761,SURG05,5471.66,1,2025-08-16,H23,D052
P499,MRI07,2457.26,1,2025-06-13,H40,D194
P1778,LAB01,122.27,1,2025-10-13,H37,D062
P1489,CONS01,553.08,2,2025-04-12,H10,D117
P1715,SURG05,4012.51,1,2025-09-24,H02,D125
P1973,XRAY02,356.52,2,2025-05-04,H36,D060
P974,LAB01,110.37,2,2025-06-02,H02,D086
P1755,XRAY02,212.8,2,2025-06-28,H15,D168
P82,CONS01,502.3,1,2025-03-07,H20,D143
P604,XRAY02,274.29,1,2025-04-09,H42,D095
P1971,LAB01,109.28,3,2025-01-24,H21,D007
P1711,LAB01,144.02,1,2025-11-29,H30,D039
P1775,CONS01,483.19,1,2025-09-06,H24,D179
P772,LAB01,137.25,1,2025-06-14,H02,D007
P903,CONS01,542.69,2,2025-04-04,H38,D140
P365,CONS01,4260.62,3,2025-12-09,H22,D014
P163,LAB01,138.27,1,2025-05-04,H29,D034
P1072,MRI07,2740.19,3,2025-10-29,H14,D122
P511,CONS01,483.01,2,2025-06-05,H05,D167
P1353,LAB01,98.84,3,2025-12-15,H24,D073
P1864,MRI07,2718.3,3,2025-09-06,H26,D064
P116,CONS01,511.93,3,2025-09-28,H02,D097
P941,MRI07,3861.0,3,2025-02-27,H46,D012
P1873,SURG05,6621.81,3,2025-07-14,H45,D126
P337,SURG05,5775.02,2,2025-07-20,H34,D034
P881,MRI07,1438.74,1,2025-03-13,H23,D027
P737,CONS01,499.72,3,2025-09-04,H41,D150
P1888,LAB01,127.72,2,2025-04-08,H35,D018
P840,XRAY02,361.93,2,2025-11-25,H15,D174
P147,LAB01,135.41,1,2025-03-22,H03,D172
P1599,XRAY02,381.1,2,2025-03-06,H12,D146
P1830,XRAY02,312.6,1,2025-01-05,H38,D037
P1347,CONS01,472.77,3,2025-10-11,H17,D135
P443,MRI07,2569.04,2,2025-10-21,H38,D068
P837,LAB01,123.12,2,2025-03-22,H27,D080
P1037,MRI07,2149.53,2,2025-03-28,H19,D086
P943,SURG05,4701.04,3,2025-10-20,H49,D060
P1518,CONS01,472.47,1,2025-10-08,H48,D048
P1725,CONS01,533.1,1,2025-07-16,H21,D179
P287,SURG05,5778.0,2,2025-09-09,H40,D100
P720,LAB01,113.32,2,2025-03-24,H24,D084
P1138,SURG05,6423.53,3,2025-01-27,H24,D095
P480,LAB01,111.66,3,2025-11-29,H19,D052
P22,XRAY02,218.1,1,2025-07-01,H31,D077
P1373,CONS01,583.17,2,2025-05-15,H40,D180
P1750,LAB01,90.44,2,2025-03-31,H20,D084
P683,MRI07,3150.7,2,2025-07-25,H15,D054
P1859,MRI07,1164.4,2,2025-01-27,H40,D169
P1590,CONS01,522.93,3,2025-02-28,H35,D170
P906,SURG05,5831.2,3,2025-03-13,H48,D150
P1834,SURG05,6899.93,1,2025-08-15,H35,D039
P320,LAB01,92.63,2,2025-04-01,H33,D023
P126,SURG05,5285.16,3,2025-03-09,H40,D048
P277,CONS01,521.3,2,2025-12-28,H41,D113
P1228,LAB01,13.3,1,2025-09-17,H44,D120
P194,XRAY02,274.52,2,2025-05-26,H18,D161
P1705,SURG05,5294.43,3,2025-03-04,H17,D127
P1688,SURG05,5117.23,3,2025-12-09,H08,D041
P1571,LAB01,147.19,1,2025-06-29,H20,D158
P696,MRI07,2444.47,1,2025-04-21,H11,D047
P1310,SURG05,5749.41,2,2025-07-10,H30,D185
P57,CONS01,4473.69,2,2025-09-03,H27,D072
P1758,SURG05,4651.34,3,2025-10-05,H39,D057
P1327,XRAY02,244.04,3,2025-12-13,H14,D062
P1187,SURG05,6162.57,3,2025-10-24,H42,D086
P19,MRI07,2780.29,1,2025-12-03,H15,D057
P1394,SURG05,5877.94,1,2025-05-03,H12,D196
P264,LAB01,112.38,1,2025-02-26,H20,D072
P794,SURG05,5508.33,2,2025-06-09,H17,D124
P113,MRI07,725.52,1,2025-05-07,H40,D153
P1512,LAB01,96.11,2,2025-08-13,H26,D168
P1351,CONS01,454.26,2,2025-04-05,H14,D017
P542,LAB01,143.79,2,2025-11-07,H25,D080
P647,XRAY02,278.58,1,2025-01-06,H26,D176
P579,LAB01,153.93,3,2025-09-22,H47,D039
P1089,CONS01,506.05,1,2025-08-22,H25,D143
P1316,SURG05,4704.68,1,2025-10-15,H25,D017
P25,LAB01,125.13,1,2025-01-16,H27,D035
P1573,LAB01,159.57,2,2025-05-20,H43,D033
P1,LAB01,537.09,3,2025-10-24,H12,D146
P911,LAB01,106.29,1,2025-07-14,H20,D158
P1573,CONS01,470.47,1,2025-07-05,H16,D165
P141,MRI07,2803.77,2,2025-05-05,H25,D111
P1768,MRI07,2255.95,1,2025-01-17,H27,D135
P648,LAB01,78.05,1,2025-01-26,H18,D074
P1925,CONS01,429.13,2,2025-08-01,H10,D156
P188,CONS01,514.3,1,2025-01-01,H30,D098
P1152,LAB01,94.56,3,2025-10-18,H01,D018
P201,XRAY02,273.58,2,2025-09-22,H04,D175
P1151,LAB01,134.48,3,2025-12-09,H23,D023
P257,XRAY02,299.92,1,2025-02-07,H07,D148
P1700,LAB01,94.3,2,2025-08-21,H30,D031
P547,XRAY02,338.78,2,2025-09-17,H26,D014
P194,XRAY02,314.54,1,2025-11-04,H01,D023
P703,LAB01,89.93,3,2025-09-18,H29,D002
P1128,XRAY02,229.9,1,2025-08-26,H25,D157
P1559,SURG05,5849.36,2,2025-04-16,H40,D178
P1289,MRI07,2277.01,2,2025-09-04,H26,D073
P802,CONS01,583.44,2,2025-10-31,H17,D059
P942,XRAY02,282.06,1,2025-12-09,H31,D033
P1998,XRAY02,284.25,1,2025-02-07,H08,D176
P1408,CONS01,503.35,1,2025-11-04,H05,D172
P1284,XRAY02,258.21,3,2025-12-09,H01,D140
P414,CONS01,509.32,3,2025-02-15,H15,D083
P1382,LAB01,92.5,3,2025-07-29,H36,D170
P1099,SURG05,5697.84,2,2025-04-03,H07,D035
P1379,SURG05,4410.43,3,2025-08-08,H46,D041
P1608,MRI07,2495.47,2,2025-09-13,H44,D183
P1795,XRAY02,264.71,3,2025-05-17,H27,D110
P910,MRI07,2905.29,3,2025-08-19,H35,D141
P188,LAB01,100.61,2,2025-11-02,H27,D039
P1997,SURG05,4745.66,1,2025-07-21,H20,D194
P1709,LAB01,130.56,3,2025-03-07,H18,D163
P1314,LAB01,122.51,2,2025-02-07,H40,D116
P45,XRAY02,227.82,1,2025-06-04,H02,D072
P1597,LAB01,125.76,1,2025-04-15,H30,D161
P83,SURG05,5445.3,1,2025-09-12,H38,D089
P1147,MRI07,2167.43,2,2025-01-16,H30,D164
P358,SURG05,5529.3,3,2025-03-20,H07,D141
P1552,XRAY02,233.05,3,2025-01-13,H39,D056
P1090,SURG05,3728.52,3,2025-04-12,H13,D174
P936,CONS01,131.33,1,2025-06-01,H33,D099
P1681,MRI07,2203.92,3,2025-06-27,H40,D046
P375,CONS01,494.15,2,2025-03-28,H30,D100
P162,CONS01,442.32,3,2025-03-29,H30,D113
P1770,XRAY02,248.82,3,2025-01-29,H23,D111
P1404,LAB01,109.81,3,2025-12-29,H45,D172
P1680,CONS01,514.15,3,2025-11-17,H24,D174
P1382,SURG05,6101.3,2,2025-04-10,H20,D074
P1212,LAB01,13.24,3,2025-04-25,H28,D069
P322,SURG05,4169.09,1,2025-07-29,H19,D031
P450,SURG05,5936.78,3,2025-12-09,H49,D125
P1498,LAB01,129.91,1,2025-03-15,H13,D024
P1037,LAB01,129.59,1,2025-05-15,H16,D032
P184,SURG05,37734.36,1,2025-09-26,H15,D113
P111,XRAY02,240.4,2,2025-12-16,H11,D195
P1951,MRI07,2686.47,1,2025-03-19,H12,D016
P508,MRI07,1758.08,1,2025-05-05,H22,D185
P1314,XRAY02,190.7,3,2025-02-07,H25,D108
P295,LAB01,142.12,2,2025-09-26,H03,D024
P1475,SURG05,5062.29,2,2025-11-06,H24,D034
P904,MRI07,4108.01,2,2025-04-16,H25,D128
P1239,SURG05,4300.34,1,2025-02-13,H09,D052
P974,XRAY02,320.98,1,2025-08-13,H28,D048
P632,SURG05,5321.76,1,2025-08-30,H46,D087
P1918,XRAY02,289.3,3,2025-06-02,H30,D119
P1591,LAB01,84.76,1,2025-01-24,H07,D181
P1051,XRAY02,304.96,2,2025-05-04,H11,D183
P1654,XRAY02,322.61,3,2025-10-12,H10,D038
P733,MRI07,2950.42,3,2025-12-14,H03,D130
P1255,SURG05,4736.92,2,2025-09-18,H19,D069
P1589,MRI07,2797.28,1,2025-05-26,H02,D082
P1831,CONS01,489.51,3,2025-07-10,H17,D118
P321,XRAY02,251.74,2,2025-06-14,H29,D053
P913,CONS01,478.16,1,2025-03-12,H02,D050
P1257,MRI07,2491.39,3,2025-07-20,H16,D157
P1694,SURG05,5782.76,3,2025-12-21,H49,D074
P437,MRI07,2371.59,3,2025-01-12,H10,D183
P781,SURG05,5077.46,3,2025-02-21,H04,D106
P1557,SURG05,5287.78,3,2025-09-13,H43,D189
P1427,LAB01,121.11,1,2025-10-29,H26,D050
P1077,XRAY02,264.12,2,2025-12-26,H49,D016
P1811,MRI07,3118.67,3,2025-10-27,H24,D087
P1337,SURG05,5944.16,2,2025-01-09,H12,D094
P1305,MRI07,2505.1,2,2025-05-20,H21,D070
P726,MRI07,2046.46,2,2025-04-10,H42,D172
P31,SURG05,3956.48,1,2025-05-17,H16,D100
P337,CONS01,483.18,2,2025-12-25,H36,D144
P183,XRAY02,296.31,2,2025-01-22,H35,D028
P1047,XRAY02,325.6,2,2025-05-25,H09,D185
P544,LAB01,136.85,3,2025-06-10,H06,D154
P1470,LAB01,139.35,3,2025-09-06,H44,D086
P1098,LAB01,92.43,2,2025-06-24,H01,D118
P1034,XRAY02,288.27,1,2025-03-29,H14,D011
P1508,CONS01,482.84,3,2025-02-02,H24,D129
P1480,XRAY02,315.14,3,2025-09-28,H10,D069
P1590,XRAY02,264.61,2,2025-10-10,H18,D171
P1588,XRAY02,333.69,2,2025-08-14,H45,D174
P660,XRAY02,304.95,1,2025-04-22,H09,D105
P160,CONS01,519.98,3,2025-03-23,H27,D036
P1906,LAB01,78.01,2,2025-08-01,H19,D066
P1038,MRI07,1760.21,3,2025-10-31,H36,D185
P1202,LAB01,97.56,2,2025-01-08,H03,D134
P412,LAB01,76.77,2,2025-05-14,H38,D190
P1902,MRI07,2296.21,1,2025-04-28,H09,D155
P1012,XRAY02,285.64,3,2025-03-25,H10,D125
P53,CONS01,464.01,3,2025-09-15,H09,D154
P408,CONS01,567.67,2,2025-08-31,H17,D141
P847,LAB01,150.95,1,2025-08-25,H42,D076
P1046,MRI07,2317.63,1,2025-05-30,H38,D146
P1054,SURG05,4944.39,1,2025-01-21,H48,D038
P703,XRAY02,314.76,3,2025-05-14,H49,D006
P260,LAB01,167.33,2,2025-04-06,H43,D126
P1229,CONS01,567.19,2,2025-01-13,H20,D092
P1083,MRI07,2951.89,1,2025-01-01,H07,D028
P1495,MRI07,2373.59,1,2025-05-30,H04,D089
P776,LAB01,96.4,1,2025-04-27,H10,D005
P1490,SURG05,4774.5,3,2025-06-01,H21,D187
P1036,CONS01,456.44,2,2025-03-05,H14,D111
P1655,LAB01,112.2,1,2025-05-30,H25,D108
P1951,SURG05,3811.74,1,2025-11-13,H17,D045
P1998,MRI07,2828.97,2,2025-12-30,H28,D112
P1314,XRAY02,317.64,3,2025-01-12,H14,D181
P850,CONS01,3810.23,3,2025-03-31,H13,D002
P1784,CONS01,493.82,3,2025-03-24,H34,D177
P354,SURG05,5428.06,2,2025-09-07,H41,D090
P1663,LAB01,118.41,3,2025-02-02,H03,D115
P1099,MRI07,3139.41,1,2025-05-29,H04,D063
P873,SURG05,6434.96,3,2025-05-08,H44,D092
P1740,XRAY02,296.13,2,2025-04-10,H15,D070
P1585,XRAY02,326.36,3,2025-12-28,H20,D186
P1615,XRAY02,264.52,2,2025-11-24,H08,D004
P1465,SURG05,4020.06,2,2025-07-31,H05,D158
P991,MRI07,2946.24,3,2025-03-15,H02,D057
P1265,CONS01,521.53,1,2025-04-06,H28,D047
P1018,LAB01,114.2,2,2025-04-02,H22,D146
P1885,CONS01,451.26,3,2025-11-26,H09,D108
P1178,MRI07,3080.68,2,2025-11-24,H28,D095
P1810,CONS01,521.77,3,2025-06-24,H46,D044
P1120,SURG05,4781.95,1,2025-08-13,H01,D180
P1750,XRAY02,329.27,2,2025-11-11,H36,D177
P294,MRI07,2243.14,1,2025-06-24,H49,D158
P209,MRI07,2422.05,1,2025-02-25,H42,D180
P1367,CONS01,427.88,1,2025-09-26,H02,D037
P1112,SURG05,5063.5,1,2025-02-04,H38,D063
P818,CONS01,605.62,1,2025-04-29,H26,D012
P1800,CONS01,499.08,3,2025-02-25,H31,D017
P1961,MRI07,2686.73,1,2025-11-05,H41,D034
P390,CONS01,524.62,3,2025-12-23,H19,D156
P325,XRAY02,234.55,1,2025-11-12,H31,D132
P940,CONS01,490.67,1,2025-04-15,H09,D098
P889,XRAY02,222.84,2,2025-06-25,H03,D046
P1856,MRI07,2214.01,3,2025-04-16,H38,D014
P1181,SURG05,4624.05,1,2025-03-21,H06,D013
P668,XRAY02,304.48,1,2025-06-12,H49,D186
P1675,SURG05,3508.45,1,2025-09-24,H45,D049
P633,SURG05,6324.41,3,2025-02-20,H45,D178
P577,XRAY02,318.92,3,2025-10-06,H07,D067
P1643,MRI07,1356.58,3,2025-10-30,H41,D021
P1683,LAB01,93.37,2,2025-03-16,H25,D051
P137,SURG05,4691.18,2,2025-12-15,H25,D038
P1947,SURG05,5624.59,1,2025-05-07,H01,D119
P1698,MRI07,2346.4,3,2025-09-03,H22,D026
P428,MRI07,2951.62,3,2025-11-08,H20,D006
P1476,CONS01,563.92,2,2025-08-22,H13,D018
P612,MRI07,2308.57,1,2025-06-04,H40,D114
P1874,SURG05,3425.51,3,2025-03-14,H21,D134
P911,XRAY02,249.48,3,2025-05-17,H23,D169
P819,LAB01,92.96,1,2025-10-01,H41,D057
P141,CONS01,87.22,2,2025-02-13,H33,D178
P1107,XRAY02,270.39,2,2025-09-04,H09,D025
P177,LAB01,145.48,3,2025-05-29,H29,D048
P198,LAB01,108.44,1,2025-02-25,H32,D024
P624,LAB01,90.75,1,2025-06-25,H11,D158
P1592,XRAY02,320.33,1,2025-12-22,H36,D087
P1996,CONS01,2227.83,3,2025-09-14,H29,D045
P691,CONS01,479.16,2,2025-10-28,H48,D043
P1445,LAB01,105.55,2,2025-03-04,H31,D072
P401,XRAY02,1553.36,2,2025-11-10,H14,D184
P1722,LAB01,129.93,2,2025-03-04,H25,D070
P471,MRI07,2954.54,2,2025-10-21,H26,D033
P218,CONS01,496.97,3,2025-01-29,H22,D097
P1949,SURG05,4853.02,3,2025-02-09,H09,D045
P929,LAB01,116.98,2,2025-05-27,H33,D007
P1852,MRI07,2766.32,2,2025-03-29,H23,D106
P1753,CONS01,76.61,3,2025-02-25,H35,D146
P632,XRAY02,230.56,2,2025-10-27,H20,D070
P951,CONS01,534.75,2,2025-07-12,H33,D045
P906,XRAY02,252.18,2,2025-04-10,H35,D037
P175,XRAY02,283.86,1,2025-08-03,H46,D149
P23,LAB01,152.63,2,2025-05-21,H30,D172
P1749,LAB01,149.53,1,2025-02-18,H46,D158
P1941,CONS01,513.13,2,2025-04-25,H30,D139
P235,MRI07,2488.59,2,2025-08-17,H22,D008
P1037,CONS01,498.65,3,2025-09-09,H45,D133
P1125,SURG05,2490.44,3,2025-03-16,H01,D008
P929,XRAY02,255.32,3,2025-07-10,H15,D005
P1560,XRAY02,348.7,1,2025-07-18,H25,D010
P1900,LAB01,123.78,1,2025-06-12,H20,D015
P523,MRI07,2465.17,2,2025-05-19,H07,D056
P1809,LAB01,148.41,1,2025-02-18,H16,D114
P1476,SURG05,4861.2,3,2025-12-29,H23,D055
P431,CONS01,521.32,1,2025-04-25,H21,D131
P793,CONS01,425.4,2,2025-06-17,H01,D041
P1630,MRI07,3775.06,1,2025-10-04,H47,D138
P1737,LAB01,112.75,3,2025-02-16,H20,D135
P533,LAB01,104.92,2,2025-09-16,H47,D191
P1876,SURG05,4853.57,1,2025-08-04,H19,D115
P979,CONS01,430.62,2,2025-08-18,H06,D063
P1747,LAB01,97.04,2,2025-05-07,H38,D088
P1676,MRI07,2404.59,1,2025-11-19,H32,D154
P1317,CONS01,632.29,2,2025-11-14,H01,D034
P810,SURG05,4407.79,1,2025-08-13,H30,D122
P913,MRI07,1600.41,3,2025-05-30,H16,D167
P1125,XRAY02,261.04,3,2025-10-14,H27,D188
P1526,SURG05,3933.26,1,2025-02-15,H18,D197
P1328,MRI07,11976.85,1,2025-10-28,H13,D100
P871,LAB01,114.73,2,2025-01-14,H44,D107
P540,XRAY02,324.4,1,2025-05-01,H28,D154
P1024,SURG05,5212.55,2,2025-07-10,H10,D062
P1577,LAB01,114.95,3,2025-11-29,H14,D138
P1379,XRAY02,324.69,1,2025-12-10,H29,D100
P1327,CONS01,514.15,3,2025-06-15,H11,D054
P1520,LAB01,92.81,1,2025-04-27,H27,D159
P1682,MRI07,2664.89,3,2025-05-04,H44,D038
P1792,SURG05,6599.71,1,2025-02-23,H17,D114
P1998,XRAY02,331.02,1,2025-10-31,H03,D025
P227,LAB01,108.19,2,2025-12-23,H31,D065
P1260,CONS01,524.45,2,2025-09-28,H21,D100
P873,SURG05,6366.89,1,2025-07-18,H33,D178
P892,SURG05,5995.06,2,2025-08-04,H01,D152
P1479,LAB01,96.45,1,2025-04-23,H06,D155
P1037,CONS01,523.15,1,2025-01-16,H04,D178
P210,XRAY02,301.9,3,2025-08-04,H22,D178
P741,LAB01,153.57,2,2025-05-15,H13,D143
P397,XRAY02,340.77,2,2025-02-12,H44,D017
P1124,SURG05,4647.54,3,2025-09-09,H30,D029
P31,XRAY02,34.46,1,2025-10-11,H40,D005
P898,CONS01,421.19,2,2025-11-18,H26,D011
P1552,MRI07,2302.74,1,2025-04-08,H39,D180
P649,CONS01,478.94,2,2025-03-01,H39,D162
P329,XRAY02,324.2,2,2025-08-18,H07,D081
P1190,LAB01,119.95,1,2025-05-11,H14,D033
P1483,SURG05,4961.81,1,2025-06-08,H26,D049
P1846,MRI07,3293.88,2,2025-11-08,H18,D121
P952,LAB01,97.81,3,2025-03-25,H24,D159
P1124,LAB01,88.56,3,2025-07-27,H25,D018
P621,CONS01,509.43,3,2025-06-23,H32,D115
P1879,XRAY02,269.56,3,2025-10-15,H06,D005
P1197,CONS01,421.11,3,2025-03-22,H16,D158
P1773,XRAY02,284.85,1,2025-01-18,H03,D045
P162,CONS01,392.69,2,2025-07-15,H21,D120
P1929,LAB01,128.7,3,2025-10-18,H32,D128
P1752,SURG05,3897.36,2,2025-12-26,H02,D038
P776,XRAY02,350.68,1,2025-12-22,H47,D109
P1287,MRI07,2151.03,2,2025-10-06,H20,D096
P1828,MRI07,2291.17,1,2025-09-11,H11,D094
P274,LAB01,102.53,2,2025-05-22,H18,D029
P1027,CONS01,452.0,2,2025-06-14,H11,D164
P1052,CONS01,511.02,1,2025-01-05,H35,D137
P326,LAB01,135.2,2,2025-09-08,H36,D023
P940,MRI07,3001.83,1,2025-05-30,H38,D131
P1173,MRI07,2374.23,2,2025-01-28,H12,D086
P540,CONS01,558.73,2,2025-08-25,H31,D184
P488,XRAY02,254.04,3,2025-05-12,H36,D168
P822,SURG05,5348.17,2,2025-11-02,H30,D184
P1462,XRAY02,59.14,3,2025-12-24,H44,D058
P1089,MRI07,2216.95,3,2025-10-12,H04,D159
P356,XRAY02,312.21,1,2025-10-20,H02,D011
P1557,SURG05,4912.94,1,2025-06-12,H44,D042
P1276,XRAY02,307.32,2,2025-08-15,H13,D131
P235,XRAY02,319.33,1,2025-05-10,H26,D185
P227,XRAY02,32.59,3,2025-02-27,H29,D014
P1549,XRAY02,288.92,2,2025-05-26,H48,D046
P1337,LAB01,120.2,1,2025-12-28,H36,D147
P49,MRI07,1964.95,1,2025-11-08,H28,D124
P118,SURG05,4065.93,1,2025-05-02,H08,D060
P54,MRI07,2522.6,3,2025-07-11,H05,D159
P1674,LAB01,117.99,1,2025-09-02,H32,D036
P565,LAB01,128.9,2,2025-04-13,H30,D160
P1068,LAB01,109.07,2,2025-09-07,H14,D191
P1839,LAB01,100.5,2,2025-01-22,H47,D026
P53,XRAY02,285.63,3,2025-03-01,H43,D065
P1610,MRI07,2395.59,1,2025-08-26,H10,D130
P558,CONS01,356.93,2,2025-12-06,H10,D070
P1549,SURG05,5308.55,1,2025-12-02,H06,D126
P1701,LAB01,92.23,1,2025-05-14,H16,D173
P1126,MRI07,3275.5,2,2025-12-03,H26,D153
P1816,LAB01,151.97,3,2025-09-19,H21,D040
P1794,LAB01,86.63,2,2025-12-08,H36,D146
P1873,LAB01,112.83,2,2025-12-04,H41,D110
P868,LAB01,107.88,3,2025-02-11,H42,D098
P398,LAB01,106.58,1,2025-03-15,H30,D012
P1162,SURG05,5250.16,1,2025-10-24,H05,D024
P675,MRI07,1945.72,3,2025-11-15,H10,D171
P1945,LAB01,107.42,2,2025-01-22,H48,D032
P387,LAB01,99.09,3,2025-08-08,H31,D114
P111,LAB01,135.0,2,2025-03-20,H11,D047
P614,LAB01,155.65,3,2025-08-23,H38,D173
P17,XRAY02,279.03,1,2025-06-06,H07,D035
P1804,XRAY02,316.62,3,2025-11-23,H12,D122
P1206,CONS01,565.0,3,2025-04-24,H45,D128
P884,LAB01,109.62,2,2025-10-17,H49,D137
P1560,CONS01,4898.22,2,2025-04-06,H41,D010
P541,SURG05,5189.44,2,2025-05-10,H08,D065
P171,CONS01,429.67,3,2025-04-19,H28,D187
P409,MRI07,1999.27,3,2025-03-16,H16,D098
P740,XRAY02,288.57,2,2025-10-02,H03,D185
P1402,XRAY02,251.75,1,2025-01-20,H37,D010
P1212,LAB01,117.07,2,2025-06-10,H32,D147
P858,LAB01,114.56,3,2025-07-28,H21,D109
P230,SURG05,4330.28,3,2025-04-04,H45,D178
P1857,SURG05,5818.85,2,2025-03-23,H18,D068
P1876,MRI07,1574.75,2,2025-12-18,H48,D104
P119,LAB01,102.28,3,2025-04-14,H46,D005
P1180,LAB01,128.15,3,2025-08-25,H11,D157
P784,SURG05,4710.09,1,2025-09-17,H08,D116
P1711,SURG05,49253.35,2,2025-06-09,H12,D005
P465,SURG05,5550.52,2,2025-12-14,H02,D060
P104,XRAY02,319.94,1,2025-03-02,H41,D065
P1628,CONS01,577.77,3,2025-02-07,H22,D127
P698,CONS01,504.31,3,2025-04-28,H09,D028
P1996,LAB01,104.38,1,2025-11-08,H14,D083
P1819,XRAY02,329.42,2,2025-06-17,H15,D129
P1526,SURG05,5150.85,3,2025-12-03,H11,D029
P1717,LAB01,122.8,1,2025-12-28,H13,D179
P1706,XRAY02,309.05,1,2025-03-10,H28,D164
P1723,MRI07,2545.5,1,2025-03-24,H25,D160
P175,XRAY02,299.9,3,2025-08-23,H37,D064
P1758,LAB01,556.08,3,2025-02-11,H06,D142
P745,CONS01,449.47,1,2025-04-09,H37,D032
P1698,SURG05,5466.85,1,2025-05-10,H33,D009
P1445,MRI07,1609.89,3,2025-01-28,H25,D139
P1158,XRAY02,262.36,3,2025-08-21,H23,D176
P1415,LAB01,134.08,3,2025-08-17,H08,D179
P1760,LAB01,117.71,3,2025-04-27,H17,D132
P1525,SURG05,4819.02,3,2025-11-22,H31,D041
P665,LAB01,143.94,1,2025-04-17,H26,D025
P33,LAB01,120.44,3,2025-11-21,H11,D145
P55,SURG05,4737.25,3,2025-10-22,H30,D175
P1978,MRI07,2828.82,1,2025-06-09,H11,D008
P519,CONS01,528.4,1,2025-01-04,H03,D058
P756,CONS01,554.84,2,2025-05-29,H40,D109
P1849,XRAY02,324.85,3,2025-08-22,H40,D129
P1662,MRI07,2048.39,2,2025-09-11,H21,D002
P12,XRAY02,350.49,2,2025-09-05,H35,D010
P1552,CONS01,452.27,1,2025-12-04,H28,D091
P720,SURG05,6543.22,1,2025-12-19,H22,D117
P555,LAB01,134.7,2,2025-03-11,H42,D155
P373,CONS01,552.08,2,2025-07-22,H46,D141
P484,MRI07,11326.73,2,2025-10-29,H18,D063
P973,CONS01,444.66,2,2025-05-28,H23,D011
P1671,MRI07,2717.4,3,2025-08-09,H26,D142
P1252,MRI07,2546.53,2,2025-07-05,H35,D096
P623,MRI07,1789.68,1,2025-12-21,H29,D124
P307,XRAY02,1675.76,2,2025-12-02,H46,D093
P457,SURG05,4895.21,2,2025-02-17,H11,D102
P160,CONS01,476.62,1,2025-09-20,H42,D098
P331,SURG05,5093.7,2,2025-10-23,H46,D026
P776,LAB01,118.45,1,2025-11-11,H01,D197
P225,CONS01,614.04,3,2025-10-19,H16,D039
P983,SURG05,5233.86,3,2025-06-21,H25,D092
P729,SURG05,5336.29,1,2025-12-30,H38,D156
P1528,LAB01,126.99,3,2025-01-31,H18,D145
P1480,MRI07,2211.76,3,2025-06-19,H16,D165
P1069,CONS01,465.63,3,2025-02-13,H19,D108
P1238,CONS01,494.64,1,2025-02-12,H16,D155
P1083,LAB01,67.71,2,2025-05-14,H05,D076
P644,MRI07,2485.47,3,2025-12-15,H27,D067
P616,CONS01,487.89,2,2025-08-07,H44,D122
P195,CONS01,543.95,2,2025-03-27,H06,D196
P1949,CONS01,528.98,3,2025-09-08,H34,D175
P489,MRI07,2576.01,3,2025-09-22,H16,D111
P157,LAB01,108.68,2,2025-01-11,H23,D162
P610,CONS01,447.55,3,2025-03-21,H43,D018
P1250,SURG05,5339.93,1,2025-04-19,H44,D035
P412,MRI07,2509.28,1,2025-04-28,H32,D018
P1229,XRAY02,316.88,3,2025-09-09,H43,D198
P1103,LAB01,138.81,2,2025-01-18,H23,D162
P1148,SURG05,4014.16,3,2025-09-13,H20,D161
P471,CONS01,529.3,1,2025-09-02,H19,D128
P1964,XRAY02,248.47,2,2025-06-02,H29,D127
P1242,LAB01,134.03,3,2025-04-07,H08,D084
P516,MRI07,2481.24,1,2025-07-05,H29,D043
P1626,XRAY02,305.48,2,2025-01-30,H18,D082
P1128,XRAY02,335.42,1,2025-04-25,H05,D027
P393,SURG05,3922.88,3,2025-08-29,H12,D048
P631,LAB01,77.39,3,2025-09-14,H10,D069
P1669,SURG05,5899.15,1,2025-12-19,H47,D199
P1848,SURG05,6123.47,1,2025-04-23,H37,D150
P608,CONS01,529.19,1,2025-12-01,H17,D162
P980,MRI07,2562.95,1,2025-01-29,H32,D171
P434,XRAY02,274.99,1,2025-11-18,H04,D116
P1355,LAB01,1120.66,2,2025-08-14,H31,D124
P1167,MRI07,1504.28,3,2025-09-01,H26,D016
P1824,MRI07,1750.42,2,2025-12-27,H12,D126
P540,LAB01,111.47,1,2025-01-19,H18,D014
P278,MRI07,2901.33,2,2025-11-18,H08,D039
P233,CONS01,527.49,3,2025-04-22,H32,D199
P1553,MRI07,2878.7,1,2025-07-31,H20,D108
P1595,CONS01,2288.19,1,2025-08-21,H49,D012
P1114,XRAY02,316.17,3,2025-06-08,H40,D097
P1516,XRAY02,321.38,2,2025-03-01,H13,D055
P1223,SURG05,5052.33,3,2025-11-20,H23,D134
P362,CONS01,546.0,3,2025-04-03,H03,D040
P1465,XRAY02,323.42,2,2025-09-05,H35,D091
P26,MRI07,3586.34,2,2025-06-07,H39,D013
P1049,LAB01,121.74,1,2025-05-21,H21,D069
P1418,LAB01,140.91,1,2025-08-08,H07,D152
P507,CONS01,466.02,1,2025-11-02,H26,D187
P1325,SURG05,3586.41,3,2025-03-30,H23,D174
P1363,MRI07,2078.76,2,2025-06-04,H32,D096
P267,CONS01,471.16,2,2025-08-21,H02,D172
P461,LAB01,115.64,1,2025-07-12,H39,D011
P1717,CONS01,543.07,3,2025-04-09,H02,D118
P456,MRI07,2284.72,3,2025-04-23,H39,D061
P1384,XRAY02,317.44,2,2025-04-17,H46,D036
P1092,MRI07,2590.95,2,2025-01-24,H15,D138
P1007,XRAY02,306.85,2,2025-10-08,H16,D129
P863,XRAY02,316.94,2,2025-07-23,H26,D063
P1436,XRAY02,312.24,3,2025-01-11,H08,D140
P1995,CONS01,447.34,1,2025-12-16,H16,D005
P491,LAB01,112.92,2,2025-11-12,H21,D078
P1857,CONS01,443.7,2,2025-07-24,H39,D036
P1073,LAB01,113.94,2,2025-01-25,H11,D145
P1711,MRI07,2378.75,3,2025-05-20,H24,D186
P564,SURG05,5414.85,1,2025-05-03,H36,D150
P1126,MRI07,2685.97,3,2025-01-11,H18,D159
P216,CONS01,549.68,1,2025-09-23,H23,D154
P1462,CONS01,380.74,3,2025-03-22,H13,D013
P1724,LAB01,124.19,2,2025-11-06,H49,D191
P1593,CONS01,537.73,2,2025-04-19,H44,D195
P559,XRAY02,306.74,1,2025-07-27,H42,D063
P159,CONS01,412.69,3,2025-11-15,H39,D011
P489,LAB01,137.83,1,2025-09-01,H44,D069
P686,LAB01,134.78,3,2025-10-03,H44,D192
P1266,XRAY02,270.03,2,2025-09-18,H45,D102
P794,LAB01,97.73,1,2025-10-24,H01,D196
P1777,SURG05,4845.76,1,2025-03-04,H07,D032
P1906,MRI07,3064.19,2,2025-07-03,H48,D010
P5,CONS01,581.32,2,2025-02-01,H48,D108
P1620,SURG05,6016.04,2,2025-10-10,H21,D054
P1844,CONS01,480.09,2,2025-11-20,H16,D183
P361,SURG05,4511.22,2,2025-12-27,H48,D082
P459,CONS01,521.43,2,2025-01-07,H14,D190
P248,XRAY02,319.58,3,2025-06-23,H43,D183
P1590,LAB01,138.2,3,2025-12-25,H43,D087
P1697,LAB01,133.74,1,2025-05-26,H02,D082
P946,XRAY02,254.78,3,2025-09-09,H31,D035
P422,SURG05,4138.31,1,2025-06-15,H39,D067
P1947,MRI07,744.12,3,2025-04-13,H09,D065
P1762,SURG05,4260.36,3,2025-07-12,H41,D017
P15,LAB01,112.82,2,2025-01-17,H14,D042
P736,MRI07,3672.03,3,2025-03-31,H10,D187
P1597,CONS01,506.65,3,2025-03-27,H48,D198
P1146,MRI07,2605.83,3,2025-04-13,H24,D121
P277,SURG05,4207.84,2,2025-03-23,H33,D121
P1582,XRAY02,287.41,2,2025-05-06,H34,D139
P453,CONS01,458.43,3,2025-02-07,H20,D078
P1414,SURG05,5755.46,1,2025-12-14,H28,D028
P1318,CONS01,504.85,3,2025-08-01,H04,D039
P1598,MRI07,1164.92,2,2025-11-15,H34,D182
P598,LAB01,121.84,2,2025-08-13,H04,D100
P446,SURG05,3895.14,1,2025-08-10,H06,D011
P210,XRAY02,273.13,2,2025-09-04,H22,D115
P1614,MRI07,1553.61,2,2025-05-16,H04,D186
P714,SURG05,4719.83,3,2025-10-13,H05,D117
P302,XRAY02,2607.7,1,2025-08-19,H11,D168
P1933,SURG05,6636.58,2,2025-11-16,H45,D132
P1247,MRI07,2322.6,2,2025-01-09,H35,D064
P1758,SURG05,5149.79,3,2025-08-13,H19,D176
P3,CONS01,508.61,3,2025-11-09,H11,D198
P990,MRI07,2133.9,3,2025-04-17,H11,D083
P1542,SURG05,3746.78,3,2025-07-06,H27,D159
P1117,LAB01,152.2,1,2025-08-09,H02,D002
P520,SURG05,4902.15,3,2025-04-05,H47,D043
P1452,CONS01,511.99,1,2025-07-14,H08,D041
P493,XRAY02,352.16,2,2025-08-30,H34,D060
P1259,XRAY02,253.29,2,2025-08-18,H40,D112
P620,XRAY02,1851.67,3,2025-11-27,H20,D174
P1185,LAB01,111.68,3,2025-01-05,H23,D040
P1745,CONS01,508.72,3,2025-12-17,H15,D059
P1776,MRI07,2424.95,2,2025-01-04,H48,D045
P331,XRAY02,319.2,2,2025-09-21,H13,D042
P333,CONS01,2126.08,2,2025-09-10,H31,D119
P50,SURG05,4629.51,1,2025-06-12,H49,D149
P1547,LAB01,137.15,2,2025-05-21,H46,D131
P863,CONS01,466.89,3,2025-10-23,H14,D194
P1692,CONS01,492.25,1,2025-01-19,H01,D139
P1516,MRI07,2855.92,1,2025-03-23,H27,D024
P1606,CONS01,463.5,1,2025-01-04,H33,D050
P1705,MRI07,2184.44,2,2025-05-08,H35,D088
P272,LAB01,131.83,2,2025-07-06,H15,D021
P580,LAB01,148.03,2,2025-05-26,H05,D153
P1891,SURG05,4026.77,2,2025-06-01,H37,D132
P1276,MRI07,2910.24,3,2025-12-29,H04,D125
P560,MRI07,2026.68,1,2025-04-03,H46,D043
P696,XRAY02,285.74,1,2025-01-31,H20,D175
P1856,XRAY02,262.46,1,2025-11-10,H39,D023
P1723,SURG05,3652.36,1,2025-01-28,H22,D188
P1114,LAB01,79.16,1,2025-05-17,H24,D021
P446,XRAY02,311.76,3,2025-03-31,H47,D194
P1017,CONS01,576.24,3,2025-02-18,H11,D179
P1356,LAB01,117.8,1,2025-09-15,H46,D143
P1163,CONS01,558.24,1,2025-01-06,H06,D058
P357,MRI07,1844.2,2,2025-01-29,H27,D026
P1625,LAB01,144.07,1,2025-06-05,H10,D059
P274,SURG05,3115.13,3,2025-09-20,H39,D090
P1043,MRI07,2299.88,2,2025-02-03,H10,D045
P311,MRI07,1480.85,3,2025-08-25,H46,D194
P870,CONS01,503.22,2,2025-05-18,H26,D163
P886,MRI07,2200.77,2,2025-02-26,H37,D094
P154,XRAY02,325.07,1,2025-06-24,H33,D110
P1414,LAB01,125.55,3,2025-08-02,H08,D064
P1284,XRAY02,315.56,3,2025-01-27,H49,D084
P620,CONS01,488.8,1,2025-10-22,H28,D077
P883,CONS01,574.22,2,2025-04-29,H48,D027
P797,LAB01,94.19,2,2025-05-27,H36,D087
P1595,MRI07,2995.71,3,2025-12-22,H40,D159
P125,SURG05,5221.51,1,2025-09-22,H25,D012
P1378,CONS01,535.06,1,2025-09-15,H36,D102
P1297,LAB01,28.54,3,2025-12-14,H13,D045
P619,SURG05,1428.29,2,2025-07-08,H07,D128
P1835,MRI07,2722.51,2,2025-11-11,H01,D032
P245,CONS01,546.49,1,2025-08-19,H09,D054
P848,LAB01,138.35,2,2025-07-17,H28,D194
P450,LAB01,106.47,2,2025-08-27,H36,D113
P930,LAB01,99.83,2,2025-11-23,H46,D115
P1271,CONS01,493.56,3,2025-03-11,H30,D032
P520,SURG05,5302.78,1,2025-09-09,H09,D143
P1165,LAB01,125.56,3,2025-07-12,H30,D104
P362,MRI07,2819.78,3,2025-01-25,H35,D055
P8,LAB01,133.1,2,2025-03-11,H47,D041
P478,SURG05,5738.62,1,2025-06-05,H27,D127
P1376,CONS01,494.52,2,2025-05-26,H29,D040
P495,LAB01,151.49,1,2025-11-15,H05,D072
P1630,LAB01,96.1,2,2025-08-07,H01,D114
P833,MRI07,2510.95,1,2025-02-18,H43,D177
P1451,MRI07,2257.65,1,2025-07-13,H05,D038
P1063,LAB01,127.25,2,2025-02-09,H29,D056
P593,LAB01,130.87,2,2025-03-26,H17,D034
P187,MRI07,1928.26,3,2025-12-09,H49,D129
P1620,SURG05,5311.52,3,2025-12-02,H37,D010
P1624,XRAY02,291.22,1,2025-01-04,H24,D168
P754,XRAY02,308.51,2,2025-10-17,H27,D016
P1878,LAB01,83.54,2,2025-09-04,H09,D174
P93,MRI07,2638.08,3,2025-01-05,H38,D152
P86,CONS01,567.46,2,2025-08-14,H13,D014
P1068,CONS01,453.37,1,2025-05-30,H26,D090
P137,XRAY02,267.21,1,2025-08-26,H11,D167
P421,SURG05,3206.89,1,2025-05-28,H24,D018
P74,XRAY02,286.71,3,2025-04-13,H33,D084
P1572,LAB01,132.26,1,2025-06-24,H49,D169
P1637,SURG05,4314.35,3,2025-08-24,H06,D056
P1536,CONS01,583.69,3,2025-02-03,H35,D164
P1180,MRI07,2089.65,1,2025-06-21,H16,D152
P1962,MRI07,2092.77,3,2025-01-06,H13,D090
P1279,LAB01,102.61,3,2025-10-12,H44,D029
P171,XRAY02,356.28,1,2025-08-13,H11,D022
P1752,LAB01,131.03,1,2025-02-22,H23,D011
P170,MRI07,2360.47,3,2025-09-14,H02,D041
P1788,CONS01,447.57,3,2025-02-28,H30,D177
P872,MRI07,2627.89,2,2025-09-03,H19,D139
P322,SURG05,5533.01,1,2025-01-07,H40,D052
P1591,MRI07,3680.48,2,2025-08-02,H45,D067
P456,MRI07,2473.7,3,2025-03-19,H46,D085
P944,SURG05,4523.93,2,2025-07-08,H47,D075
P1627,XRAY02,266.29,3,2025-11-03,H49,D136
P790,MRI07,3318.72,2,2025-08-04,H15,D159
P613,LAB01,129.3,3,2025-10-10,H42,D123
P1179,MRI07,2197.64,3,2025-11-15,H33,D006
P889,LAB01,104.44,3,2025-03-02,H44,D081
P349,SURG05,5490.03,1,2025-03-02,H41,D199
P1475,MRI07,2426.4,3,2025-08-03,H05,D013
P1900,SURG05,6134.3,1,2025-02-14,H22,D006
P1677,SURG05,3855.74,3,2025-06-21,H27,D195
P1197,XRAY02,280.38,2,2025-08-09,H47,D155
P10,MRI07,2831.61,3,2025-04-05,H35,D121
P740,LAB01,124.12,3,2025-12-13,H19,D045
P1289,LAB01,110.77,2,2025-02-13,H39,D106
P1462,MRI07,2176.23,3,2025-08-16,H07,D026
P1784,XRAY02,277.71,3,2025-03-03,H39,D004
P1271,XRAY02,346.43,3,2025-11-13,H34,D037
P667,XRAY02,289.3,2,2025-08-07,H34,D021
P546,LAB01,130.64,3,2025-12-01,H27,D028
P1523,SURG05,5513.11,1,2025-03-30,H44,D032
P129,XRAY02,241.77,1,2025-04-22,H05,D103
P1696,LAB01,102.56,1,2025-07-26,H04,D181
P601,LAB01,106.74,1,2025-11-02,H07,D161
P605,SURG05,4837.84,2,2025-07-22,H48,D026
P327,MRI07,2147.55,3,2025-10-24,H03,D145
P1777,MRI07,2220.92,1,2025-02-02,H21,D184
P1859,XRAY02,311.89,3,2025-08-03,H34,D116
P980,XRAY02,267.69,3,2025-01-12,H49,D093
P404,SURG05,5788.53,2,2025-01-02,H09,D030
P629,XRAY02,341.44,3,2025-12-29,H20,D121
P1630,SURG05,5122.76,1,2025-05-29,H40,D005
P1699,LAB01,149.15,1,2025-05-22,H12,D118
P1635,XRAY02,281.41,2,2025-10-17,H39,D006
P1649,LAB01,973.14,1,2025-07-26,H46,D106
P1383,CONS01,563.69,1,2025-12-07,H28,D124
P1627,SURG05,4729.83,2,2025-07-11,H48,D190
P1882,CONS01,481.05,2,2025-12-07,H33,D138
P718,XRAY02,298.73,1,2025-11-02,H10,D070
P1041,LAB01,115.19,2,2025-09-09,H11,D138
P274,XRAY02,292.09,2,2025-07-23,H07,D106
P685,CONS01,522.11,1,2025-12-28,H18,D044
P116,XRAY02,301.06,1,2025-02-15,H19,D056
P861,MRI07,2232.49,2,2025-09-18,H14,D132
P693,CONS01,510.88,3,2025-03-07,H17,D013
P1115,XRAY02,317.38,3,2025-05-30,H23,D122
P1106,LAB01,98.14,1,2025-03-11,H19,D019
P324,XRAY02,272.37,1,2025-12-30,H45,D198
P961,LAB01,90.47,3,2025-01-02,H03,D090
P114,MRI07,1995.31,2,2025-01-29,H34,D190
P1793,XRAY02,401.07,3,2025-09-13,H25,D009
P1082,MRI07,2959.75,3,2025-03-02,H41,D046
P154,CONS01,589.91,1,2025-04-10,H31,D056
P1901,LAB01,109.96,2,2025-05-24,H39,D074
P1428,CONS01,454.68,3,2025-07-11,H14,D040
P1652,LAB01,135.92,2,2025-12-19,H37,D067
P1879,MRI07,2562.79,1,2025-12-19,H47,D113
P1290,SURG05,5924.06,3,2025-09-27,H20,D083
P315,XRAY02,276.37,1,2025-10-26,H32,D062
P1739,MRI07,2404.41,3,2025-11-22,H33,D174
P1065,LAB01,98.39,2,2025-11-07,H31,D134
P105,LAB01,118.51,1,2025-07-23,H07,D029
P1925,LAB01,110.45,2,2025-09-02,H05,D019
P1914,LAB01,132.19,3,2025-01-31,H04,D114
P1217,XRAY02,302.25,1,2025-11-28,H11,D108
P1425,CONS01,616.53,2,2025-02-21,H19,D143
P1302,SURG05,1497.36,2,2025-08-31,H38,D057
P354,XRAY02,195.12,3,2025-09-20,H20,D038
P1016,LAB01,148.82,1,2025-06-23,H27,D021
P1773,XRAY02,199.29,2,2025-04-10,H29,D051
P1961,MRI07,2655.33,1,2025-03-02,H18,D167
P733,LAB01,150.24,1,2025-12-26,H37,D020
P1604,SURG05,5355.55,1,2025-07-07,H47,D002
P709,LAB01,73.17,1,2025-01-07,H25,D032
P1280,SURG05,5761.55,3,2025-07-08,H20,D111
P651,SURG05,6040.01,2,2025-03-24,H06,D092
P824,CONS01,593.25,1,2025-12-17,H36,D132
P947,CONS01,131.64,2,2025-10-10,H49,D007
P661,XRAY02,84.4,2,2025-05-04,H15,D003
P99,XRAY02,322.78,2,2025-06-06,H18,D025
P588,SURG05,4064.63,3,2025-03-28,H38,D112
P282,LAB01,607.68,1,2025-05-28,H25,D009
P1907,MRI07,1814.4,1,2025-03-11,H20,D026
P403,MRI07,1439.94,2,2025-03-17,H22,D064
P1133,LAB01,101.23,2,2025-04-24,H12,D018
P700,LAB01,123.23,3,2025-01-03,H41,D091
P199,CONS01,564.33,3,2025-08-22,H40,D002
P1327,MRI07,2321.61,2,2025-06-16,H47,D001
P327,SURG05,4889.84,1,2025-04-09,H33,D048
P154,XRAY02,304.66,3,2025-05-04,H29,D191
P552,CONS01,3555.17,1,2025-02-14,H02,D107
P1669,MRI07,1831.82,3,2025-11-20,H26,D164
P405,LAB01,93.37,1,2025-10-14,H32,D191
P462,MRI07,2286.08,2,2025-04-16,H03,D075
P132,SURG05,5003.65,3,2025-10-21,H30,D026
P791,CONS01,480.11,2,2025-05-14,H19,D006
P874,LAB01,114.69,3,2025-01-08,H10,D026
P84,SURG05,5363.29,2,2025-01-28,H25,D043
P1423,XRAY02,321.11,3,2025-09-28,H46,D122
P754,CONS01,452.27,3,2025-08-11,H19,D129
P628,SURG05,5206.57,3,2025-01-08,H43,D009
P1133,SURG05,5491.94,1,2025-11-06,H21,D027
P221,LAB01,128.25,1,2025-05-14,H06,D071
P1928,XRAY02,270.96,3,2025-01-29,H14,D117
P553,SURG05,2208.18,2,2025-04-25,H08,D118
P1392,CONS01,437.45,2,2025-02-03,H02,D003
P1171,SURG05,4931.26,3,2025-01-07,H18,D189
P112,MRI07,12595.62,1,2025-02-09,H22,D130
P615,CONS01,494.17,1,2025-11-26,H30,D124
P1582,CONS01,510.05,1,2025-03-03,H36,D074
P924,SURG05,4722.76,1,2025-03-27,H28,D081
P1518,LAB01,134.54,2,2025-08-01,H35,D159
P1529,CONS01,471.29,3,2025-04-26,H02,D065
P475,MRI07,2158.84,3,2025-03-06,H36,D122
P836,LAB01,138.53,3,2025-10-24,H18,D146
P1914,LAB01,122.0,2,2025-06-19,H43,D134
P271,LAB01,111.44,1,2025-04-26,H09,D102
P421,CONS01,542.35,1,2025-11-18,H28,D042
P1921,LAB01,129.06,2,2025-04-26,H08,D111
P707,SURG05,6682.03,2,2025-08-09,H08,D196
P1391,LAB01,129.29,3,2025-12-23,H05,D104
P1304,MRI07,3104.77,3,2025-02-19,H13,D004
P1307,XRAY02,359.69,2,2025-11-23,H07,D099
P40,MRI07,2035.91,2,2025-12-02,H21,D132
P1983,CONS01,587.14,2,2025-03-20,H29,D065
P189,LAB01,117.68,1,2025-01-20,H37,D041
P1188,LAB01,134.47,3,2025-02-06,H45,D171
P994,SURG05,6089.52,2,2025-09-16,H48,D183
P1560,LAB01,142.39,2,2025-04-03,H14,D147
P536,MRI07,2351.22,1,2025-07-06,H37,D149
P1028,CONS01,522.21,2,2025-12-23,H04,D186
P1859,XRAY02,270.76,3,2025-07-20,H22,D158
P290,LAB01,101.35,1,2025-10-15,H11,D116
P1977,XRAY02,308.57,2,2025-02-17,H34,D135
P433,LAB01,127.4,3,2025-09-10,H45,D197
P471,CONS01,464.87,3,2025-02-15,H16,D064
P1205,MRI07,3378.8,1,2025-08-19,H09,D002
P1272,CONS01,519.07,3,2025-04-05,H16,D115
P628,XRAY02,52.49,1,2025-10-30,H39,D195
P279,LAB01,117.83,3,2025-08-06,H16,D128
P877,XRAY02,1260.87,2,2025-02-09,H31,D079
P581,MRI07,8285.63,1,2025-07-22,H31,D101
P863,CONS01,532.53,3,2025-04-26,H13,D119
P254,XRAY02,1515.65,1,2025-04-01,H05,D074
P181,XRAY02,302.86,3,2025-02-27,H47,D009
P1854,MRI07,1762.05,1,2025-01-10,H39,D023
P681,LAB01,149.86,2,2025-09-13,H18,D014
P825,XRAY02,322.11,1,2025-11-13,H20,D054
P1533,MRI07,956.7,1,2025-09-06,H02,D124
P1785,LAB01,24.83,2,2025-11-13,H40,D045
P700,LAB01,131.14,3,2025-01-06,H30,D016
P566,CONS01,496.18,2,2025-11-27,H10,D102
P1350,MRI07,3558.31,1,2025-07-07,H42,D095
P1381,LAB01,690.55,2,2025-08-23,H11,D109
P1849,CONS01,473.98,2,2025-07-02,H29,D185
P1674,SURG05,5339.23,1,2025-10-14,H40,D136
P680,MRI07,2579.58,1,2025-05-03,H16,D025
P391,SURG05,6046.58,2,2025-06-07,H48,D169
P1639,LAB01,120.55,1,2025-11-19,H28,D062
P1958,MRI07,2573.65,3,2025-01-13,H17,D077
P1109,CONS01,500.96,3,2025-11-11,H38,D146
P1341,LAB01,148.65,3,2025-02-23,H49,D050
P212,MRI07,1646.44,3,2025-12-26,H44,D169
P1539,MRI07,3130.09,2,2025-10-04,H15,D034
P384,SURG05,4971.37,2,2025-02-12,H31,D100
P1715,LAB01,125.03,2,2025-09-24,H07,D114
P342,CONS01,467.5,1,2025-04-19,H46,D081
P1839,CONS01,484.73,2,2025-11-19,H30,D012
P1988,LAB01,98.92,2,2025-06-15,H36,D077
P844,LAB01,136.74,1,2025-12-17,H49,D075
P1062,XRAY02,291.24,1,2025-04-16,H26,D170
P1535,SURG05,6193.45,1,2025-02-20,H11,D055
P420,LAB01,115.18,3,2025-07-23,H06,D092
P751,LAB01,98.34,2,2025-10-29,H42,D187
P1193,XRAY02,290.29,2,2025-02-12,H29,D179
P1989,XRAY02,274.21,2,2025-10-10,H28,D088
P1933,MRI07,3329.35,1,2025-03-26,H15,D181
P1367,CONS01,538.78,2,2025-08-05,H29,D009
P1850,SURG05,6138.69,3,2025-06-07,H06,D003
P306,MRI07,2666.52,2,2025-12-16,H48,D118
P1566,LAB01,163.49,2,2025-05-07,H12,D136
P702,XRAY02,288.62,1,2025-07-10,H16,D187
P869,CONS01,453.21,3,2025-09-23,H46,D030
P537,MRI07,2324.9,2,2025-03-01,H38,D067
P1136,CONS01,550.06,1,2025-10-10,H09,D055
P1435,XRAY02,306.91,3,2025-03-03,H22,D162
P1971,MRI07,2438.0,3,2025-10-29,H33,D123
P206,MRI07,2264.9,1,2025-05-06,H26,D043
P1209,CONS01,451.43,1,2025-06-21,H40,D156
P1406,XRAY02,333.72,1,2025-03-04,H07,D165
P496,LAB01,104.37,1,2025-09-17,H46,D158
P1403,MRI07,1361.26,1,2025-01-16,H32,D071
P1071,LAB01,69.42,1,2025-06-28,H40,D062
P1910,XRAY02,307.72,2,2025-11-26,H43,D110
P1764,MRI07,2689.82,1,2025-04-11,H24,D029
P1575,MRI07,3017.57,1,2025-06-25,H41,D115
P1552,LAB01,111.2,3,2025-07-12,H39,D002
P504,SURG05,5496.88,3,2025-10-28,H38,D090
P1046,LAB01,133.31,3,2025-09-30,H37,D105
P213,LAB01,164.68,1,2025-09-18,H19,D057
P310,SURG05,4750.04,1,2025-06-24,H43,D185
P661,XRAY02,51.55,2,2025-08-22,H05,D042
P1992,XRAY02,311.79,2,2025-10-27,H30,D049
P753,MRI07,2040.27,2,2025-08-04,H25,D185
P272,CONS01,414.21,2,2025-09-04,H30,D199
P1595,CONS01,594.45,1,2025-01-21,H25,D018
P1823,MRI07,2316.88,3,2025-11-20,H09,D198
P938,CONS01,489.54,1,2025-08-31,H27,D027
P1226,LAB01,128.45,1,2025-10-15,H24,D118
P32,LAB01,118.27,1,2025-10-07,H40,D054
P443,SURG05,5917.66,1,2025-09-01,H43,D152
P162,SURG05,5544.8,3,2025-06-12,H38,D162
P767,MRI07,3106.09,3,2025-05-26,H15,D150
P254,MRI07,2760.78,2,2025-03-08,H38,D063
P521,MRI07,2853.32,1,2025-04-13,H26,D164
P977,LAB01,109.88,2,2025-11-06,H30,D092
P1675,CONS01,107.54,3,2025-05-05,H11,D084
P1504,MRI07,1949.86,3,2025-04-27,H29,D061
P10,MRI07,21064.38,2,2025-09-08,H15,D082
P726,LAB01,124.94,3,2025-11-17,H44,D042
P505,LAB01,133.54,3,2025-08-14,H09,D096
P785,LAB01,103.53,1,2025-07-07,H42,D161
P1860,CONS01,495.02,1,2025-07-06,H29,D074
P1584,MRI07,2970.1,3,2025-03-17,H15,D137
P436,XRAY02,385.19,3,2025-09-30,H17,D119
P1135,XRAY02,231.81,2,2025-05-29,H16,D025
P153,MRI07,2949.05,2,2025-07-14,H22,D141
P1659,MRI07,2969.42,3,2025-12-30,H40,D047
P917,MRI07,540.79,1,2025-10-11,H49,D122
P869,MRI07,2902.11,1,2025-02-13,H43,D173
P1126,CONS01,426.11,2,2025-06-19,H11,D133
P753,XRAY02,72.95,1,2025-04-04,H38,D031
P1857,SURG05,4982.49,1,2025-08-12,H25,D159
P1215,XRAY02,271.85,2,2025-10-05,H30,D098
P1753,XRAY02,268.23,2,2025-02-07,H02,D199
P563,LAB01,108.94,1,2025-09-27,H01,D169
P1828,MRI07,2070.14,2,2025-08-23,H38,D115
P1105,MRI07,1887.38,3,2025-04-21,H37,D174
P489,MRI07,2341.07,2,2025-06-17,H09,D052
P895,LAB01,142.31,3,2025-02-23,H05,D107
P1112,CONS01,501.9,3,2025-05-07,H24,D086
P1218,CONS01,430.74,3,2025-10-02,H27,D133
P104,SURG05,4997.32,2,2025-02-11,H30,D012
P1807,CONS01,467.22,2,2025-02-10,H15,D021
P1120,CONS01,565.11,2,2025-02-19,H47,D009
P1447,MRI07,2347.85,3,2025-06-08,H09,D093
P1915,XRAY02,1376.14,2,2025-11-28,H46,D091
P1222,CONS01,430.87,1,2025-07-01,H37,D145
P1025,CONS01,521.14,1,2025-06-30,H30,D104
P1007,LAB01,99.64,2,2025-06-15,H49,D152
P407,SURG05,4734.0,3,2025-08-20,H15,D155
P1402,LAB01,127.26,2,2025-07-25,H20,D136
P167,MRI07,2739.9,1,2025-12-21,H49,D172
P509,XRAY02,259.15,3,2025-02-19,H25,D062
P1662,SURG05,3582.98,2,2025-05-26,H09,D029
P313,LAB01,120.32,2,2025-10-25,H45,D083
P1617,CONS01,555.45,3,2025-05-25,H22,D074
P1442,CONS01,508.39,3,2025-01-16,H13,D152
P763,SURG05,6487.33,1,2025-03-26,H37,D034
P681,CONS01,512.39,2,2025-08-04,H28,D060
P477,LAB01,134.76,1,2025-02-21,H14,D104
P73,LAB01,127.56,1,2025-02-05,H30,D159
P1165,CONS01,525.17,3,2025-04-17,H39,D115
P582,CONS01,531.68,2,2025-08-07,H05,D132
P262,MRI07,3231.64,1,2025-12-03,H12,D137
P1364,XRAY02,307.75,1,2025-10-25,H35,D090
P1332,SURG05,4122.1,3,2025-09-11,H41,D077
P245,LAB01,110.55,2,2025-03-09,H42,D121
P1539,SURG05,4742.86,2,2025-07-06,H01,D182
P1361,MRI07,3237.6,1,2025-05-04,H46,D001
P1599,LAB01,110.23,3,2025-01-30,H01,D189
P561,MRI07,1642.77,2,2025-07-04,H42,D073
P1100,MRI07,2589.4,2,2025-10-16,H43,D159
P1904,CONS01,435.57,1,2025-12-25,H20,D088
P175,SURG05,3867.51,2,2025-02-22,H34,D045
P109,SURG05,6825.29,2,2025-06-26,H34,D060
P183,CONS01,429.48,2,2025-05-13,H24,D086
P192,SURG05,5657.48,2,2025-12-28,H28,D103
P65,CONS01,582.92,1,2025-03-18,H11,D087
P1873,LAB01,94.32,2,2025-12-16,H08,D119
P963,MRI07,3044.13,2,2025-03-01,H35,D042
P1498,MRI07,2716.72,3,2025-11-07,H41,D155
P1807,SURG05,5241.47,1,2025-04-01,H16,D186
P1124,XRAY02,235.85,2,2025-10-25,H16,D197
P1568,MRI07,2605.65,3,2025-11-21,H42,D081
P864,CONS01,530.82,1,2025-10-07,H06,D162
P1152,XRAY02,326.52,2,2025-07-18,H20,D010
P1476,XRAY02,291.31,3,2025-04-28,H11,D123
P1938,MRI07,2769.6,1,2025-07-02,H08,D194
P369,MRI07,2931.21,2,2025-02-24,H20,D111
P851,MRI07,1582.86,3,2025-09-28,H32,D025
P43,CONS01,526.66,1,2025-01-05,H33,D003
P1908,XRAY02,272.24,3,2025-04-11,H06,D162
P1443,SURG05,4982.9,3,2025-10-13,H28,D071
P488,CONS01,537.81,2,2025-02-22,H08,D028
P78,LAB01,96.88,3,2025-08-06,H14,D137
P826,MRI07,2508.0,2,2025-11-25,H03,D011
P1825,XRAY02,314.37,2,2025-10-13,H02,D093
P1294,CONS01,465.81,3,2025-08-28,H22,D118
P674,LAB01,114.95,3,2025-08-02,H33,D124
P701,CONS01,464.93,3,2025-04-14,H43,D167
P759,CONS01,541.35,3,2025-12-27,H21,D093
P1924,SURG05,36378.65,1,2025-12-30,H06,D141
P728,SURG05,4485.13,2,2025-08-10,H40,D099
P1339,CONS01,469.45,3,2025-12-06,H07,D011
P925,LAB01,144.58,1,2025-12-14,H06,D035
P1875,XRAY02,1608.09,3,2025-07-08,H44,D008
P902,XRAY02,337.05,1,2025-11-23,H08,D007
P889,MRI07,1616.76,2,2025-11-20,H24,D069
P993,MRI07,2922.12,3,2025-11-07,H27,D070
P1969,XRAY02,339.2,1,2025-04-09,H28,D185
P1192,CONS01,465.69,1,2025-04-07,H05,D115
P339,CONS01,480.36,2,2025-11-23,H19,D124
P193,SURG05,18685.66,3,2025-03-14,H09,D163
P1477,SURG05,5095.47,3,2025-09-13,H25,D011
P283,MRI07,706.36,2,2025-08-19,H44,D166
P1360,XRAY02,286.78,2,2025-06-19,H47,D091
P390,CONS01,546.88,2,2025-11-29,H45,D085
P1000,XRAY02,326.19,1,2025-06-06,H13,D049
P525,LAB01,131.49,1,2025-08-10,H37,D035
P1264,XRAY02,299.98,2,2025-12-30,H02,D157
P1856,LAB01,98.16,3,2025-12-12,H40,D088
P1982,SURG05,6892.54,1,2025-04-09,H14,D169
P1507,SURG05,4675.8,2,2025-08-08,H31,D109
P659,MRI07,2454.1,1,2025-09-01,H06,D134
P716,XRAY02,253.14,1,2025-09-16,H25,D010
P1616,XRAY02,318.8,2,2025-07-13,H39,D084
P891,LAB01,120.6,3,2025-05-30,H46,D085
P1579,SURG05,4761.18,3,2025-06-04,H31,D151
P1482,LAB01,99.58,1,2025-01-22,H38,D174
P1113,SURG05,4438.48,3,2025-04-26,H16,D140
P1684,LAB01,107.63,3,2025-04-23,H27,D055
P1119,SURG05,3372.71,2,2025-07-30,H30,D141
P452,LAB01,139.38,2,2025-01-24,H04,D074
P428,SURG05,5132.93,2,2025-10-10,H39,D135
P1175,LAB01,132.0,3,2025-10-19,H16,D140
P1538,XRAY02,358.36,3,2025-12-29,H36,D061
P1400,MRI07,2222.53,2,2025-02-25,H07,D153
P1046,LAB01,103.52,3,2025-09-23,H21,D130
P883,MRI07,2517.5,2,2025-02-23,H02,D026
P313,XRAY02,294.65,1,2025-12-03,H08,D179
P840,XRAY02,313.12,1,2025-04-18,H42,D069
P519,SURG05,5597.86,3,2025-07-21,H27,D062
P1230,MRI07,2213.65,3,2025-07-21,H02,D167
P1976,CONS01,420.61,3,2025-12-03,H06,D116
P375,SURG05,4939.31,3,2025-08-06,H04,D115
P451,MRI07,2924.65,1,2025-08-31,H21,D139
P1650,LAB01,124.98,2,2025-12-20,H01,D192
P1808,LAB01,112.9,1,2025-06-27,H38,D102
P1015,XRAY02,260.63,2,2025-03-02,H12,D042
P595,CONS01,549.09,3,2025-02-05,H27,D010
P1203,LAB01,432.25,2,2025-12-24,H14,D123
P1234,MRI07,2934.15,2,2025-02-15,H15,D019
P500,MRI07,403.48,2,2025-04-05,H24,D004
P464,LAB01,120.97,2,2025-11-23,H18,D003
P1864,MRI07,2564.53,1,2025-02-13,H17,D142
P1148,MRI07,2653.26,3,2025-11-16,H09,D010
P113,XRAY02,284.51,3,2025-08-14,H47,D006
P1036,CONS01,461.99,2,2025-05-26,H18,D031
P1150,XRAY02,324.76,3,2025-09-26,H18,D031
P1589,CONS01,536.13,1,2025-01-13,H05,D176
P331,MRI07,2324.42,2,2025-01-25,H48,D009
P1925,CONS01,478.14,3,2025-09-18,H09,D108
P1307,MRI07,2304.32,3,2025-05-08,H35,D124
P140,MRI07,1781.43,2,2025-02-08,H44,D154
P1425,XRAY02,313.66,1,2025-06-06,H46,D130
P902,XRAY02,288.35,2,2025-12-30,H01,D004
P1121,SURG05,5868.74,2,2025-07-04,H41,D006
P517,LAB01,126.18,3,2025-06-23,H09,D030
P569,SURG05,5128.01,3,2025-07-05,H32,D183
P1948,SURG05,5625.76,2,2025-10-08,H20,D156
P846,CONS01,513.77,2,2025-03-15,H13,D061
P1093,MRI07,1899.13,3,2025-10-22,H40,D077
P118,MRI07,2562.4,2,2025-01-16,H11,D183
P888,MRI07,1350.06,1,2025-07-07,H46,D110
P1083,LAB01,92.63,2,2025-06-21,H48,D036
P1057,CONS01,508.32,1,2025-07-05,H43,D133
P1342,CONS01,455.25,2,2025-02-01,H42,D157
P50,MRI07,3189.66,2,2025-03-04,H26,D100
P1904,SURG05,5515.24,2,2025-12-15,H40,D140
P1513,LAB01,113.15,3,2025-10-28,H11,D122
P19,SURG05,4443.28,3,2025-11-05,H25,D150
P726,XRAY02,278.32,3,2025-07-08,H40,D059
P197,CONS01,460.74,3,2025-11-02,H25,D110
P1915,CONS01,562.18,3,2025-01-26,H20,D167
P1474,SURG05,5058.44,3,2025-12-12,H42,D130
P559,LAB01,119.6,2,2025-02-08,H49,D014
P1703,CONS01,68.12,1,2025-07-12,H11,D138
P452,SURG05,5144.99,3,2025-06-12,H44,D176
P289,LAB01,97.95,3,2025-02-22,H10,D064
P1165,SURG05,4634.01,2,2025-06-23,H49,D131
P1108,LAB01,132.5,3,2025-07-15,H03,D072
P1718,MRI07,2943.64,2,2025-07-30,H39,D188
P391,LAB01,142.21,3,2025-10-05,H27,D196
P1615,XRAY02,264.04,1,2025-07-07,H35,D021
P215,MRI07,2885.77,3,2025-11-04,H49,D094
P1550,SURG05,4957.39,3,2025-11-27,H40,D147
P215,MRI07,2350.49,2,2025-08-02,H31,D079
P1427,MRI07,2748.31,3,2025-11-25,H21,D020
P128,SURG05,5684.56,2,2025-01-29,H22,D058
P1846,SURG05,4083.01,1,2025-06-20,H19,D042
P1501,XRAY02,295.76,3,2025-05-02,H14,D094
P760,SURG05,4438.17,2,2025-06-08,H37,D138
P404,CONS01,529.87,1,2025-03-27,H45,D151
P1053,CONS01,508.61,1,2025-10-29,H23,D088
P1816,XRAY02,320.78,2,2025-01-04,H26,D140
P338,LAB01,128.45,2,2025-01-02,H43,D009
P831,LAB01,25.12,3,2025-05-13,H44,D079
P714,CONS01,472.01,1,2025-10-29,H40,D157
P361,SURG05,5993.32,1,2025-03-20,H12,D082
P569,XRAY02,319.49,2,2025-05-27,H01,D148
P1416,LAB01,167.36,1,2025-06-15,H34,D193
P218,LAB01,116.22,2,2025-11-11,H44,D003
P1598,MRI07,3828.16,3,2025-08-26,H19,D136
P1693,CONS01,507.24,2,2025-11-24,H23,D039
P202,SURG05,5359.46,3,2025-10-03,H07,D064
P17,XRAY02,243.66,2,2025-07-23,H07,D031
P322,LAB01,124.32,3,2025-02-22,H01,D111
P518,MRI07,2583.5,1,2025-04-17,H18,D123
P1594,CONS01,463.95,2,2025-02-24,H08,D150
P1349,CONS01,542.79,2,2025-09-03,H25,D096
P1436,XRAY02,261.74,2,2025-06-13,H42,D005
P1342,LAB01,134.34,3,2025-01-15,H29,D058
P681,XRAY02,334.47,2,2025-01-01,H23,D105
P1989,XRAY02,252.85,2,2025-12-17,H29,D063
P1106,MRI07,3080.48,1,2025-05-17,H01,D061
P1498,CONS01,424.9,2,2025-05-31,H15,D052
P1492,SURG05,4534.03,2,2025-06-29,H15,D108
P425,CONS01,515.3,2,2025-08-20,H28,D101
P1969,CONS01,436.12,2,2025-07-07,H36,D033
P1755,MRI07,1499.75,1,2025-01-18,H42,D022
P1713,SURG05,5856.7,2,2025-08-13,H40,D051
P1228,LAB01,117.35,2,2025-04-15,H32,D011
P1607,SURG05,5384.47,1,2025-07-25,H46,D127
P1019,LAB01,110.41,3,2025-07-05,H13,D186
P387,SURG05,5143.82,3,2025-03-06,H21,D050
P778,XRAY02,336.46,1,2025-11-29,H49,D198
P98,SURG05,5103.91,1,2025-07-26,H39,D017
P1369,MRI07,3033.98,3,2025-08-17,H38,D174
P1827,LAB01,140.97,2,2025-03-10,H09,D044
P208,CONS01,554.65,3,2025-05-22,H20,D185
P1538,MRI07,2887.36,2,2025-07-25,H20,D133
P1660,LAB01,122.27,1,2025-06-23,H08,D039
P1816,LAB01,126.05,1,2025-07-16,H14,D186
P586,CONS01,395.7,1,2025-11-27,H20,D137
P166,XRAY02,47.67,3,2025-11-03,H35,D023
P22,MRI07,1899.44,1,2025-07-16,H45,D175
P154,CONS01,503.77,3,2025-08-16,H21,D164
P1963,CONS01,466.6,2,2025-09-28,H41,D031
P1463,XRAY02,285.85,2,2025-07-18,H41,D084
P1319,MRI07,2685.39,2,2025-11-21,H22,D023
P219,CONS01,563.38,1,2025-01-15,H43,D184
P669,XRAY02,360.76,2,2025-10-13,H06,D199
P1519,MRI07,3149.28,1,2025-11-30,H44,D174
P230,SURG05,4059.56,3,2025-08-04,H27,D058
P20,LAB01,129.28,1,2025-02-04,H04,D164
P553,XRAY02,297.56,2,2025-03-10,H04,D196
P950,LAB01,123.13,1,2025-07-31,H28,D088
P148,SURG05,6120.94,1,2025-02-15,H27,D188
P1132,CONS01,584.17,3,2025-09-05,H17,D142
P403,CONS01,561.87,1,2025-03-26,H39,D025
P596,MRI07,3411.21,2,2025-02-17,H38,D199
P1507,XRAY02,256.65,1,2025-08-19,H29,D172
P367,XRAY02,324.67,1,2025-03-08,H40,D046
P1858,MRI07,2637.53,2,2025-03-30,H07,D141
P1438,LAB01,111.31,1,2025-08-07,H08,D062
P1333,CONS01,519.83,3,2025-02-21,H41,D019
P802,CONS01,481.7,2,2025-01-22,H33,D140
P918,XRAY02,328.31,2,2025-04-09,H32,D112
P1859,XRAY02,262.27,1,2025-05-11,H35,D090
P1158,MRI07,2320.29,3,2025-03-29,H18,D048
P1743,SURG05,4806.19,3,2025-05-16,H43,D161
P1307,LAB01,109.51,2,2025-02-08,H16,D165
P1802,SURG05,5631.04,2,2025-01-18,H18,D134
P73,SURG05,5072.6,1,2025-04-15,H38,D123
P481,XRAY02,225.92,2,2025-05-26,H25,D117
P1376,XRAY02,313.6,3,2025-12-02,H34,D081
P560,XRAY02,277.37,1,2025-08-12,H04,D171
P1350,SURG05,4600.46,1,2025-04-27,H05,D100
P745,LAB01,140.7,3,2025-01-01,H14,D178
P1467,XRAY02,276.12,3,2025-04-27,H01,D174
P100,CONS01,566.85,2,2025-01-26,H22,D073
P1083,LAB01,666.58,3,2025-01-12,H46,D028
P508,CONS01,471.98,1,2025-10-21,H21,D195
P258,LAB01,122.52,1,2025-12-07,H13,D011
P413,XRAY02,296.57,3,2025-06-18,H48,D148
P1476,MRI07,1749.62,2,2025-02-22,H36,D087
P1089,XRAY02,283.14,1,2025-09-26,H29,D158
P595,SURG05,4928.9,2,2025-09-05,H38,D101
